key,label,matches,note_shown_to_the_practitioner,source,vaidya_ruling,corrections
diabetes,Diabetes,diabetes,"If you use insulin or a sulfonylurea, check your blood glucose before training. Below about 5.6 mmol/L (100 mg/dL), eat 15–30 g of fast carbohydrate first; with type 1 and a reading above about 13.9 mmol/L (250 mg/dL) with ketones, skip the session. Carry glucose tablets or juice, and check your feet afterwards if you have any numbness. If you have diabetic eye disease, ask your doctor before lifting heavy.","ADA position statement on physical activity and diabetes (Colberg et al., 2016)",,
respiratory,Asthma / lung condition,"asthma, copd, bronchitis","Keep your reliever inhaler with you. A longer, gradual warm-up — ten minutes building from easy to moderate — reduces exercise-triggered symptoms. Avoid training in cold, dry air, and stop if wheezing or chest tightness does not settle with your inhaler.","GINA 2024 report, exercise-induced bronchoconstriction",,
epilepsy,Epilepsy,"epilep, seizure","Train with someone who knows your condition and what to do in a seizure. This plan uses machines and cables in place of free bars held over the body. Never swim alone, and skip training after a missed dose, a poor night's sleep or when you feel an aura.","ILAE Task Force on Sports and Epilepsy (Capovilla et al., 2016)",,
cardiac,Heart condition,"heart, cardiac, atrial_fibrillation, arrhythmia, angina","Get your cardiologist's clearance and a target heart rate before starting. Stop straight away for chest pain or pressure, unusual breathlessness, dizziness or palpitations. If you take a beta-blocker your heart rate will not reflect effort — use the talk test: you should be able to speak in short sentences throughout.","ACSM's Guidelines for Exercise Testing and Prescription, 11th ed.",,
hypertension,High blood pressure,"hypertension, high_blood_pressure","Breathe out on every effort and never hold your breath. If a reading before training is 180/110 or higher, skip the session and speak to your doctor. Cool down gradually rather than stopping suddenly.","ACSM's Guidelines for Exercise Testing and Prescription, 11th ed.",,
eye_pressure,Glaucoma / eye disease,"glaucoma, retinopathy, retinal","Keep your head above your heart — this plan leaves out decline and inverted positions — and breathe out on every effort, because holding your breath raises the pressure inside the eye. Tell your eye doctor you are starting resistance training.",American Academy of Ophthalmology patient guidance on exercise and glaucoma,,
low_bp,Low blood pressure,"low_blood_pressure, hypotension","Get up slowly from lying and seated exercises, drink water before and during the session, and stop and sit down if you feel light-headed.",General clinical guidance for orthostatic hypotension,,
anemia,Anaemia / heavy periods,"anemia, anaemia, menorrhagia","Less oxygen reaches your muscles, so the same weight feels harder. Work at a lower effort than the plan suggests until your levels are treated, and stop for dizziness, breathlessness or a racing heart.",General clinical guidance,,
thyroid_over,Overactive thyroid,hyperthyroid,"Until your levels are controlled, keep effort moderate: an overactive thyroid already raises your heart rate, and hard intervals add to it. Stop for palpitations.",General clinical guidance,,
fatigue,Chronic fatigue / long COVID / fibromyalgia,"chronic_fatigue, long_covid, fibromyalgia","Start well below what you think you can do. If symptoms get worse in the 24–48 hours after a session, that session was too much — drop back rather than pushing through. For ME/CFS, NICE advises against fixed, stepped-up exercise programmes like the progression in this plan; use it only with a clinician who knows your condition, and stay within your energy limits.","NICE NG206 (ME/CFS, 2021); WHO long COVID rehabilitation guidance",,
kidney,Kidney disease,"kidney_disease, ckd, chronic_kidney","Keep to the fluid limits your nephrologist sets, and do not add protein or creatine supplements to support this plan without their agreement.","KDIGO 2024 CKD guideline, lifestyle section",,
kidney_stones,Kidney stones,kidney_stone,Drink water through and after the session — sweat loss concentrates urine.,General clinical guidance,,
osteoporosis,Osteoporosis,"osteoporosis, osteopenia","Strength and weight-bearing work are part of the treatment. Keep your spine straight whenever you are holding a weight — this plan leaves out crunches, twists and side bends for that reason — and practise balance so a fall is less likely.","Too Fit to Fracture consensus (Giangregorio et al., 2014)",,
inflammatory_joint,Inflammatory joint condition,"rheumatoid, lupus, gout, psoriatic, ankylosing","During a flare, rest the inflamed joints and train around them. Work in ranges that do not hurt; some stiffness is expected, sharp pain is not.",EULAR recommendations for physical activity in inflammatory arthritis (2018),,
neuropathy,Peripheral neuropathy,neuropathy,"Check your feet for blisters or cuts after every session, wear well-fitted shoes, and keep a hand near support during standing work.","ADA position statement on physical activity and diabetes (Colberg et al., 2016)",,
vertigo,Vertigo / balance,"vertigo, bppv, vestibular","Move slowly between lying, sitting and standing, and pause before walking off. Keep a hand near support during standing exercises.",General clinical guidance,,
migraine,Migraine,migraine,"Hard exertion, dehydration and skipped meals are common triggers: eat and drink before training, and avoid training in heat.",General clinical guidance,,
abdominal,Hernia / abdominal surgery / haemorrhoids,"hernia, abdominal_surgery, hemorrhoid","Breathe out on every effort and never strain against a held breath. After abdominal surgery or a C-section, wait for your surgeon's clearance before starting.",General clinical guidance,,
