movement_class,muscle_group,contraindication,tagged,group_size,coverage,inconsistent,examples_tagged,examples_untagged,tag_correct_for_this_movement__Y_N,coverage_correct__Y_N,missing_contraindications,reviewer_notes
(isolation),legs,bad_ankle,28,126,22%,REVIEW,Alternate Leg Diagonal Bound | Ankle Circles | Ankle On The Knee,90/90 Hamstring | All Fours Quad Stretch | Backward Drag | Balance Board | Bear Crawl Sled Drags | Bench Sprint | Bicycl,,,,
(isolation),legs,bad_knee,105,126,83%,REVIEW,90/90 Hamstring | All Fours Quad Stretch | Alternate Leg Diagonal Bound,Ankle Circles | Ankle On The Knee | Anterior Tibialis-Smr | Calves-Smr | Foot-Smr | Groin And Back Stretch | Groiners | ,,,,
(isolation),legs,knee_replacement,105,126,83%,REVIEW,90/90 Hamstring | All Fours Quad Stretch | Alternate Leg Diagonal Bound,Ankle Circles | Ankle On The Knee | Anterior Tibialis-Smr | Calves-Smr | Foot-Smr | Groin And Back Stretch | Groiners | ,,,,
(isolation),legs,osteoporosis,30,126,24%,REVIEW,Alternate Leg Diagonal Bound | Backward Drag | Bench Jump,90/90 Hamstring | All Fours Quad Stretch | Ankle Circles | Ankle On The Knee | Anterior Tibialis-Smr | Balance Board | B,,,,
(isolation),shoulders,bad_knee,11,62,18%,REVIEW,Circus Bell | Double Kettlebell Jerk | Jerk Balance,Alternating Kettlebell Press | Anti-Gravity Press | Arm Circles | Backward Medicine Ball Throw | Band Pull Apart | Barbe,,,,
(isolation),shoulders,heart_disease,10,62,16%,REVIEW,Anti-Gravity Press | Barbell Incline Shoulder Raise | Car Drivers,Alternating Kettlebell Press | Arm Circles | Backward Medicine Ball Throw | Band Pull Apart | Battling Ropes | Bent Over,,,,
(isolation),shoulders,hypertension,10,62,16%,REVIEW,Anti-Gravity Press | Barbell Incline Shoulder Raise | Car Drivers,Alternating Kettlebell Press | Arm Circles | Backward Medicine Ball Throw | Band Pull Apart | Battling Ropes | Bent Over,,,,
(isolation),shoulders,knee_replacement,11,62,18%,REVIEW,Circus Bell | Double Kettlebell Jerk | Jerk Balance,Alternating Kettlebell Press | Anti-Gravity Press | Arm Circles | Backward Medicine Ball Throw | Band Pull Apart | Barbe,,,,
deadlift,legs,heart_disease,34,52,65%,REVIEW,Barbell Deadlift | Clean | Clean Deadlift,Alternating Hang Clean | Axle Deadlift | Cable Deadlifts | Car Deadlift | Double Kettlebell Alternating Hang Clean | Dum,,,,
deadlift,legs,herniated_disc,44,52,85%,REVIEW,Alternating Hang Clean | Axle Deadlift | Barbell Deadlift,Clean Shrug | Clean From Blocks | Heaving Snatch Balance | Leverage Deadlift | Power Clean From Blocks | Snatch Balance ,,,,
deadlift,legs,hypertension,34,52,65%,REVIEW,Barbell Deadlift | Clean | Clean Deadlift,Alternating Hang Clean | Axle Deadlift | Cable Deadlifts | Car Deadlift | Double Kettlebell Alternating Hang Clean | Dum,,,,
deadlift,legs,osteoporosis,44,52,85%,REVIEW,Alternating Hang Clean | Axle Deadlift | Barbell Deadlift,Clean Shrug | Clean From Blocks | Heaving Snatch Balance | Leverage Deadlift | Power Clean From Blocks | Snatch Balance ,,,,
deadlift,legs,rotator_cuff,24,52,46%,REVIEW,Clean | Clean Shrug | Clean From Blocks,Alternating Hang Clean | Axle Deadlift | Barbell Deadlift | Cable Deadlifts | Car Deadlift | Clean Deadlift | Clean Pull,,,,
deadlift,legs,shoulder_injury,24,52,46%,REVIEW,Clean | Clean Shrug | Clean From Blocks,Alternating Hang Clean | Axle Deadlift | Barbell Deadlift | Cable Deadlifts | Car Deadlift | Clean Deadlift | Clean Pull,,,,
curl,biceps,elbow_injury,37,51,73%,REVIEW,Alternate Hammer Curl | Alternate Incline Dumbbell Curl | Cable Hammer Curls - Rope Attachment,Barbell Curl | Barbell Curls Lying Against An Incline | Close-Grip Ez-Bar Curl With Band | Close-Grip Ez Bar Curl | Clos,,,,
curl,biceps,heart_disease,16,51,31%,REVIEW,Barbell Curl | Barbell Curls Lying Against An Incline | Close-Grip Ez-Bar Curl With Band,Alternate Hammer Curl | Alternate Incline Dumbbell Curl | Cable Hammer Curls - Rope Attachment | Cable Preacher Curl | C,,,,
curl,biceps,hypertension,16,51,31%,REVIEW,Barbell Curl | Barbell Curls Lying Against An Incline | Close-Grip Ez-Bar Curl With Band,Alternate Hammer Curl | Alternate Incline Dumbbell Curl | Cable Hammer Curls - Rope Attachment | Cable Preacher Curl | C,,,,
(isolation),core,bad_knee,8,45,18%,REVIEW,Advanced Kettlebell Windmill | Barbell Rollout From Bench | Bent Press,Ab Roller | Air Bike | Alternate Heel Touchers | Barbell Ab Rollout | Barbell Ab Rollout - On Knees | Barbell Side Bend ,,,,
(isolation),core,heart_disease,8,45,18%,REVIEW,Barbell Ab Rollout | Barbell Ab Rollout - On Knees | Barbell Rollout From Bench,Ab Roller | Advanced Kettlebell Windmill | Air Bike | Alternate Heel Touchers | Bent Press | Bottoms Up | Butt-Ups | Cab,,,,
(isolation),core,herniated_disc,27,45,60%,REVIEW,Air Bike | Alternate Heel Touchers | Barbell Ab Rollout,Ab Roller | Advanced Kettlebell Windmill | Barbell Rollout From Bench | Double Kettlebell Windmill | Kettlebell Figure 8,,,,
(isolation),core,hypertension,7,45,16%,REVIEW,Barbell Ab Rollout | Barbell Ab Rollout - On Knees | Barbell Rollout From Bench,Ab Roller | Advanced Kettlebell Windmill | Air Bike | Alternate Heel Touchers | Bent Press | Bottoms Up | Butt-Ups | Cab,,,,
(isolation),core,knee_replacement,7,45,16%,REVIEW,Advanced Kettlebell Windmill | Barbell Rollout From Bench | Bent Press,Ab Roller | Air Bike | Alternate Heel Touchers | Barbell Ab Rollout | Barbell Ab Rollout - On Knees | Barbell Side Bend ,,,,
(isolation),core,lower_back_pain,21,45,47%,REVIEW,Air Bike | Alternate Heel Touchers | Bottoms Up,Ab Roller | Advanced Kettlebell Windmill | Barbell Ab Rollout | Barbell Ab Rollout - On Knees | Barbell Rollout From Ben,,,,
(isolation),core,pregnancy,21,45,47%,REVIEW,Air Bike | Alternate Heel Touchers | Bottoms Up,Ab Roller | Advanced Kettlebell Windmill | Barbell Ab Rollout | Barbell Ab Rollout - On Knees | Barbell Rollout From Ben,,,,
(isolation),core,rotator_cuff,25,45,56%,REVIEW,Ab Roller | Advanced Kettlebell Windmill | Barbell Ab Rollout,Air Bike | Alternate Heel Touchers | Barbell Side Bend | Bottoms Up | Butt-Ups | Cable Judo Flip | Cocoons | Dumbbell Si,,,,
(isolation),core,shoulder_injury,25,45,56%,REVIEW,Ab Roller | Advanced Kettlebell Windmill | Barbell Ab Rollout,Air Bike | Alternate Heel Touchers | Barbell Side Bend | Bottoms Up | Butt-Ups | Cable Judo Flip | Cocoons | Dumbbell Si,,,,
squat,legs,heart_disease,24,43,56%,REVIEW,Barbell Full Squat | Barbell Squat | Barbell Squat To A Bench,Bodyweight Squat | Chair Squat | Dumbbell Squat | Dumbbell Squat To A Bench | Freehand Jump Squat | Front Squats With Tw,,,,
squat,legs,herniated_disc,21,43,49%,REVIEW,Barbell Full Squat | Barbell Squat | Barbell Squat To A Bench,Bodyweight Squat | Chair Squat | Frankenstein Squat | Freehand Jump Squat | Front Squats With Two Kettlebells | Goblet S,,,,
squat,legs,hypertension,24,43,56%,REVIEW,Barbell Full Squat | Barbell Squat | Barbell Squat To A Bench,Bodyweight Squat | Chair Squat | Dumbbell Squat | Dumbbell Squat To A Bench | Freehand Jump Squat | Front Squats With Tw,,,,
squat,legs,osteoporosis,23,43,53%,REVIEW,Barbell Full Squat | Barbell Squat | Barbell Squat To A Bench,Bodyweight Squat | Chair Squat | Frankenstein Squat | Front Squats With Two Kettlebells | Goblet Squat | Jerk Dip Squat ,,,,
triceps_extension,triceps,elbow_injury,26,41,63%,REVIEW,Band Skull Crusher | Body Tricep Press | Cable Incline Triceps Extension,Decline Close-Grip Bench To Skull Crusher | Decline Ez Bar Triceps Extension | Dips - Triceps Version | Ez-Bar Skullcrus,,,,
triceps_extension,triceps,heart_disease,13,41,32%,REVIEW,Cable Rope Overhead Triceps Extension | Decline Close-Grip Bench To Skull Crusher | Decline Ez Bar Triceps Extension,Band Skull Crusher | Body Tricep Press | Cable Incline Triceps Extension | Cable Lying Triceps Extension | Cable One Arm,,,,
triceps_extension,triceps,hypertension,13,41,32%,REVIEW,Cable Rope Overhead Triceps Extension | Decline Close-Grip Bench To Skull Crusher | Decline Ez Bar Triceps Extension,Band Skull Crusher | Body Tricep Press | Cable Incline Triceps Extension | Cable Lying Triceps Extension | Cable One Arm,,,,
triceps_extension,triceps,rotator_cuff,14,41,34%,REVIEW,Cable Rope Overhead Triceps Extension | Decline Close-Grip Bench To Skull Crusher | Dips - Triceps Version,Band Skull Crusher | Body Tricep Press | Cable Incline Triceps Extension | Cable Lying Triceps Extension | Cable One Arm,,,,
triceps_extension,triceps,shoulder_injury,14,41,34%,REVIEW,Cable Rope Overhead Triceps Extension | Decline Close-Grip Bench To Skull Crusher | Dips - Triceps Version,Band Skull Crusher | Body Tricep Press | Cable Incline Triceps Extension | Cable Lying Triceps Extension | Cable One Arm,,,,
(isolation),back,bad_knee,7,39,18%,REVIEW,Atlas Stone Trainer | Atlas Stones | Keg Load,Cat Stretch | Catch And Overhead Throw | Chair Lower Back Stretch | Child'S Pose | Dancer'S Stretch | Dynamic Back Stret,,,,
(isolation),back,herniated_disc,22,39,56%,REVIEW,Atlas Stone Trainer | Atlas Stones | Cat Stretch,Catch And Overhead Throw | Gironda Sternum Chins | Kettlebell Sumo High Pull | Kipping Muscle Up | Latissimus Dorsi-Smr ,,,,
(isolation),back,knee_replacement,7,39,18%,REVIEW,Atlas Stone Trainer | Atlas Stones | Keg Load,Cat Stretch | Catch And Overhead Throw | Chair Lower Back Stretch | Child'S Pose | Dancer'S Stretch | Dynamic Back Stret,,,,
(isolation),back,lower_back_pain,6,39,15%,REVIEW,Dynamic Back Stretch | London Bridges | Side-Lying Floor Stretch,Atlas Stone Trainer | Atlas Stones | Cat Stretch | Catch And Overhead Throw | Chair Lower Back Stretch | Child'S Pose | ,,,,
(isolation),back,osteoporosis,18,39,46%,REVIEW,Atlas Stone Trainer | Atlas Stones | Cat Stretch,Catch And Overhead Throw | Dynamic Back Stretch | Gironda Sternum Chins | Kettlebell Sumo High Pull | Kipping Muscle Up ,,,,
(isolation),back,rotator_cuff,13,39,33%,REVIEW,Catch And Overhead Throw | Gironda Sternum Chins | Keg Load,Atlas Stone Trainer | Atlas Stones | Cat Stretch | Chair Lower Back Stretch | Child'S Pose | Dancer'S Stretch | Dynamic ,,,,
(isolation),back,shoulder_injury,16,39,41%,REVIEW,Catch And Overhead Throw | Gironda Sternum Chins | Keg Load,Atlas Stone Trainer | Atlas Stones | Cat Stretch | Chair Lower Back Stretch | Child'S Pose | Dancer'S Stretch | Dynamic ,,,,
row,back,heart_disease,8,33,24%,REVIEW,Bent Over Barbell Row | Bent Over One-Arm Long Bar Row | Bent Over Two-Arm Long Bar Row,Alternating Kettlebell Row | Alternating Renegade Row | Bent Over Two-Dumbbell Row | Bent Over Two-Dumbbell Row With Pal,,,,
row,back,hypertension,8,33,24%,REVIEW,Bent Over Barbell Row | Bent Over One-Arm Long Bar Row | Bent Over Two-Arm Long Bar Row,Alternating Kettlebell Row | Alternating Renegade Row | Bent Over Two-Dumbbell Row | Bent Over Two-Dumbbell Row With Pal,,,,
row,back,rotator_cuff,9,33,27%,REVIEW,Bent Over Barbell Row | Bent Over Two-Dumbbell Row | Dumbbell Incline Row,Alternating Kettlebell Row | Alternating Renegade Row | Bent Over One-Arm Long Bar Row | Bent Over Two-Arm Long Bar Row ,,,,
row,back,shoulder_injury,27,33,82%,REVIEW,Alternating Kettlebell Row | Alternating Renegade Row | Bent Over Barbell Row,Bent Over One-Arm Long Bar Row | Bent Over Two-Arm Long Bar Row | Lying Cambered Barbell Row | One-Arm Long Bar Row | St,,,,
overhead_press,shoulders,bad_knee,4,22,18%,REVIEW,Double Kettlebell Push Press | One-Arm Kettlebell Push Press | Push Press,Alternating Cable Shoulder Press | Arnold Dumbbell Press | Barbell Shoulder Press | Bradford/Rocky Presses | Cable Shoul,,,,
overhead_press,shoulders,heart_disease,7,22,32%,REVIEW,Barbell Shoulder Press | Bradford/Rocky Presses | Push Press,Alternating Cable Shoulder Press | Arnold Dumbbell Press | Cable Shoulder Press | Double Kettlebell Push Press | Dumbbel,,,,
overhead_press,shoulders,hypertension,7,22,32%,REVIEW,Barbell Shoulder Press | Bradford/Rocky Presses | Push Press,Alternating Cable Shoulder Press | Arnold Dumbbell Press | Cable Shoulder Press | Double Kettlebell Push Press | Dumbbel,,,,
overhead_press,shoulders,knee_replacement,4,22,18%,REVIEW,Double Kettlebell Push Press | One-Arm Kettlebell Push Press | Push Press,Alternating Cable Shoulder Press | Arnold Dumbbell Press | Barbell Shoulder Press | Bradford/Rocky Presses | Cable Shoul,,,,
calf_raise,legs,bad_ankle,12,19,63%,REVIEW,Calf Press | Calf Raise On A Dumbbell | Calf Raises - With Bands,Barbell Seated Calf Raise | Rocking Standing Calf Raise | Seated Calf Stretch | Seated Hamstring And Calf Stretch | Stan,,,,
calf_raise,legs,bad_knee,4,19,21%,REVIEW,Seated Calf Stretch | Seated Hamstring And Calf Stretch | Standing Gastrocnemius Calf Stretch,Barbell Seated Calf Raise | Calf Press | Calf Raise On A Dumbbell | Calf Raises - With Bands | Calf Stretch Elbows Again,,,,
calf_raise,legs,heart_disease,3,19,16%,REVIEW,Barbell Seated Calf Raise | Rocking Standing Calf Raise | Standing Barbell Calf Raise,Calf Press | Calf Raise On A Dumbbell | Calf Raises - With Bands | Calf Stretch Elbows Against Wall | Calf Stretch Hands,,,,
calf_raise,legs,hypertension,3,19,16%,REVIEW,Barbell Seated Calf Raise | Rocking Standing Calf Raise | Standing Barbell Calf Raise,Calf Press | Calf Raise On A Dumbbell | Calf Raises - With Bands | Calf Stretch Elbows Against Wall | Calf Stretch Hands,,,,
calf_raise,legs,knee_replacement,4,19,21%,REVIEW,Seated Calf Stretch | Seated Hamstring And Calf Stretch | Standing Gastrocnemius Calf Stretch,Barbell Seated Calf Raise | Calf Press | Calf Raise On A Dumbbell | Calf Raises - With Bands | Calf Stretch Elbows Again,,,,
(isolation),cardio,bad_knee,12,17,71%,REVIEW,Treadmill Running | Stationary Bike | Jump Rope,Swimming (Freestyle) | Battle Ropes | Outdoor Cycling | Brisk Walking | Air Bike (Assault Bike),,,,
(isolation),cardio,heart_condition,7,17,41%,REVIEW,Jump Rope | Burpee | Mountain Climbers,Treadmill Running | Stationary Bike | High Knees | Elliptical Trainer | Swimming (Freestyle) | Jumping Jacks | Stair Cli,,,,
(isolation),cardio,heart_disease,8,17,47%,REVIEW,Jump Rope | Burpee | Mountain Climbers,Treadmill Running | Stationary Bike | High Knees | Elliptical Trainer | Swimming (Freestyle) | Jumping Jacks | Stair Cli,,,,
(isolation),cardio,hip_injury,3,17,18%,REVIEW,Elliptical Trainer | Outdoor Cycling | Brisk Walking,Treadmill Running | Stationary Bike | Jump Rope | Burpee | Mountain Climbers | High Knees | Swimming (Freestyle) | Jumpi,,,,
(isolation),cardio,hypertension,8,17,47%,REVIEW,Jump Rope | Burpee | Mountain Climbers,Treadmill Running | Stationary Bike | High Knees | Elliptical Trainer | Swimming (Freestyle) | Jumping Jacks | Stair Cli,,,,
(isolation),cardio,knee_replacement,11,17,65%,REVIEW,Treadmill Running | Stationary Bike | Jump Rope,Swimming (Freestyle) | Battle Ropes | Outdoor Cycling | Brisk Walking | Dance Aerobics / Zumba-style | Air Bike (Assault,,,,
(isolation),cardio,lower_back_pain,3,17,18%,REVIEW,Burpee | Mountain Climbers | Sprint Intervals (HIIT),Treadmill Running | Stationary Bike | Jump Rope | High Knees | Elliptical Trainer | Swimming (Freestyle) | Jumping Jacks,,,,
(isolation),cardio,rotator_cuff,6,17,35%,REVIEW,Burpee | Mountain Climbers | Swimming (Freestyle),Treadmill Running | Stationary Bike | Jump Rope | High Knees | Elliptical Trainer | Jumping Jacks | Stair Climber | Spri,,,,
(isolation),cardio,shoulder_injury,5,17,29%,REVIEW,Burpee | Mountain Climbers | Swimming (Freestyle),Treadmill Running | Stationary Bike | Jump Rope | High Knees | Elliptical Trainer | Jumping Jacks | Stair Climber | Spri,,,,
(isolation),full_body,cervical_spondylosis,8,16,50%,REVIEW,Chin To Chest Stretch | Isometric Neck Exercise - Front And Back | Isometric Neck Exercise - Sides,Dumbbell Lying Pronation | Dumbbell Lying Supination | Kneeling Forearm Stretch | Plate Pinch | Standing Olympic Plate H,,,,
(isolation),full_body,neck_injury,8,16,50%,REVIEW,Chin To Chest Stretch | Isometric Neck Exercise - Front And Back | Isometric Neck Exercise - Sides,Dumbbell Lying Pronation | Dumbbell Lying Supination | Kneeling Forearm Stretch | Plate Pinch | Standing Olympic Plate H,,,,
(isolation),full_body,wrist_injury,6,16,38%,REVIEW,Dumbbell Lying Pronation | Dumbbell Lying Supination | Kneeling Forearm Stretch,Chin To Chest Stretch | Isometric Neck Exercise - Front And Back | Isometric Neck Exercise - Sides | Lying Face Down Pla,,,,
curl,full_body,elbow_injury,8,14,57%,REVIEW,Cable Wrist Curl | Palms-Down Dumbbell Wrist Curl Over A Bench | Palms-Up Dumbbell Wrist Curl Over A Bench,Finger Curls | Palms-Down Wrist Curl Over A Bench | Palms-Up Barbell Wrist Curl Over A Bench | Seated Palm-Up Barbell Wr,,,,
curl,full_body,heart_disease,6,14,43%,REVIEW,Finger Curls | Palms-Down Wrist Curl Over A Bench | Palms-Up Barbell Wrist Curl Over A Bench,Cable Wrist Curl | Palms-Down Dumbbell Wrist Curl Over A Bench | Palms-Up Dumbbell Wrist Curl Over A Bench | Seated Dumb,,,,
curl,full_body,hypertension,6,14,43%,REVIEW,Finger Curls | Palms-Down Wrist Curl Over A Bench | Palms-Up Barbell Wrist Curl Over A Bench,Cable Wrist Curl | Palms-Down Dumbbell Wrist Curl Over A Bench | Palms-Up Dumbbell Wrist Curl Over A Bench | Seated Dumb,,,,
curl,full_body,wrist_injury,8,14,57%,REVIEW,Cable Wrist Curl | Palms-Down Dumbbell Wrist Curl Over A Bench | Palms-Up Dumbbell Wrist Curl Over A Bench,Finger Curls | Palms-Down Wrist Curl Over A Bench | Palms-Up Barbell Wrist Curl Over A Bench | Seated Palm-Up Barbell Wr,,,,
lunge,legs,heart_disease,4,13,31%,REVIEW,Barbell Lunge | Barbell Side Split Squat | Barbell Walking Lunge,Bodyweight Walking Lunge | Dumbbell Lunges | Dumbbell Rear Lunge | Lunge Pass Through | Lunge Sprint | Smith Single-Leg ,,,,
lunge,legs,hypertension,4,13,31%,REVIEW,Barbell Lunge | Barbell Side Split Squat | Barbell Walking Lunge,Bodyweight Walking Lunge | Dumbbell Lunges | Dumbbell Rear Lunge | Lunge Pass Through | Lunge Sprint | Smith Single-Leg ,,,,
bench,chest,heart_disease,5,12,42%,REVIEW,Barbell Bench Press - Medium Grip | Barbell Guillotine Bench Press | Decline Barbell Bench Press,Bench Press - With Bands | Decline Dumbbell Bench Press | Dumbbell Bench Press | Dumbbell Bench Press With Neutral Grip ,,,,
bench,chest,hypertension,5,12,42%,REVIEW,Barbell Bench Press - Medium Grip | Barbell Guillotine Bench Press | Decline Barbell Bench Press,Bench Press - With Bands | Decline Dumbbell Bench Press | Dumbbell Bench Press | Dumbbell Bench Press With Neutral Grip ,,,,
(push_h),triceps,heart_disease,3,11,27%,REVIEW,Floor Press | Floor Press With Chains | One Arm Floor Press,Bench Dips | Close-Grip Push-Up Off Of A Dumbbell | Dip Machine | Dumbbell Floor Press | Incline Push-Up Close-Grip | Pa,,,,
(push_h),triceps,hypertension,3,11,27%,REVIEW,Floor Press | Floor Press With Chains | One Arm Floor Press,Bench Dips | Close-Grip Push-Up Off Of A Dumbbell | Dip Machine | Dumbbell Floor Press | Incline Push-Up Close-Grip | Pa,,,,
good_morning,legs,heart_disease,4,10,40%,REVIEW,Good Morning | Good Morning Off Pins | Hanging Bar Good Morning,Band Good Morning | Band Good Morning (Pull Through) | Hyperextensions (Back Extensions) | Hyperextensions With No Hyper,,,,
good_morning,legs,hypertension,4,10,40%,REVIEW,Good Morning | Good Morning Off Pins | Hanging Bar Good Morning,Band Good Morning | Band Good Morning (Pull Through) | Hyperextensions (Back Extensions) | Hyperextensions With No Hyper,,,,
pulldown,back,rotator_cuff,7,10,70%,REVIEW,Close-Grip Front Lat Pulldown | Full Range-Of-Motion Lat Pulldown | Rocky Pull-Ups/Pulldowns,One Arm Lat Pulldown | Rope Straight-Arm Pulldown | Straight-Arm Pulldown,,,,
(isolation),triceps,elbow_injury,2,9,22%,REVIEW,Body-Up | Chain Handle Extension,Board Press | Close-Grip Dumbbell Press | Close-Grip Ez-Bar Press | Jm Press | Pin Presses | Supine Chest Throw | Tate P,,,,
(isolation),triceps,heart_disease,4,9,44%,REVIEW,Board Press | Close-Grip Ez-Bar Press | Jm Press,Body-Up | Chain Handle Extension | Close-Grip Dumbbell Press | Supine Chest Throw | Tate Press,,,,
(isolation),triceps,hypertension,4,9,44%,REVIEW,Board Press | Close-Grip Ez-Bar Press | Jm Press,Body-Up | Chain Handle Extension | Close-Grip Dumbbell Press | Supine Chest Throw | Tate Press,,,,
(isolation),triceps,rotator_cuff,7,9,78%,REVIEW,Board Press | Close-Grip Dumbbell Press | Close-Grip Ez-Bar Press,Body-Up | Chain Handle Extension,,,,
(isolation),triceps,shoulder_injury,7,9,78%,REVIEW,Board Press | Close-Grip Dumbbell Press | Close-Grip Ez-Bar Press,Body-Up | Chain Handle Extension,,,,
(pull_v),back,rotator_cuff,2,8,25%,REVIEW,V-Bar Pullup | Wide-Grip Rear Pull-Up,Band Assisted Pull-Up | Chin-Up | One Arm Chin-Up | Pullups | Scapular Pull-Up | Weighted Pull Ups,,,,
deadlift,shoulders,heart_disease,2,7,29%,REVIEW,Clean And Jerk | Clean And Press,Double Kettlebell Snatch | One-Arm Kettlebell Clean And Jerk | One-Arm Kettlebell Snatch | One-Arm Kettlebell Split Snat,,,,
deadlift,shoulders,herniated_disc,4,7,57%,REVIEW,Clean And Jerk | Clean And Press | One-Arm Kettlebell Snatch,Double Kettlebell Snatch | One-Arm Kettlebell Clean And Jerk | One-Arm Kettlebell Split Snatch,,,,
deadlift,shoulders,hypertension,2,7,29%,REVIEW,Clean And Jerk | Clean And Press,Double Kettlebell Snatch | One-Arm Kettlebell Clean And Jerk | One-Arm Kettlebell Snatch | One-Arm Kettlebell Split Snat,,,,
deadlift,shoulders,osteoporosis,4,7,57%,REVIEW,Clean And Jerk | Clean And Press | One-Arm Kettlebell Snatch,Double Kettlebell Snatch | One-Arm Kettlebell Clean And Jerk | One-Arm Kettlebell Split Snatch,,,,
shrug,back,cervical_spondylosis,4,7,57%,REVIEW,Cable Shrugs | Dumbbell Shrug | Leverage Shrug,Barbell Shrug | Barbell Shrug Behind The Back | Smith Machine Behind The Back Shrug,,,,
shrug,back,heart_disease,2,7,29%,REVIEW,Barbell Shrug | Barbell Shrug Behind The Back,Cable Shrugs | Dumbbell Shrug | Leverage Shrug | Middle Back Shrug | Smith Machine Behind The Back Shrug,,,,
shrug,back,hypertension,2,7,29%,REVIEW,Barbell Shrug | Barbell Shrug Behind The Back,Cable Shrugs | Dumbbell Shrug | Leverage Shrug | Middle Back Shrug | Smith Machine Behind The Back Shrug,,,,
shrug,back,neck_injury,4,7,57%,REVIEW,Cable Shrugs | Dumbbell Shrug | Leverage Shrug,Barbell Shrug | Barbell Shrug Behind The Back | Smith Machine Behind The Back Shrug,,,,
bench,triceps,heart_disease,5,6,83%,REVIEW,Bench Press - Powerlifting | Bench Press With Chains | Close-Grip Barbell Bench Press,Smith Machine Close-Grip Bench Press,,,,
bench,triceps,hypertension,5,6,83%,REVIEW,Bench Press - Powerlifting | Bench Press With Chains | Close-Grip Barbell Bench Press,Smith Machine Close-Grip Bench Press,,,,
hip_abduction,legs,bad_knee,2,6,33%,REVIEW,Cable Hip Adduction | Thigh Adductor,Adductor | Adductor/Groin | Band Hip Adductions | Thigh Abductor,,,,
hip_abduction,legs,hip_injury,4,6,67%,REVIEW,Adductor | Adductor/Groin | Band Hip Adductions,Cable Hip Adduction | Thigh Adductor,,,,
hip_abduction,legs,knee_replacement,2,6,33%,REVIEW,Cable Hip Adduction | Thigh Adductor,Adductor | Adductor/Groin | Band Hip Adductions | Thigh Abductor,,,,
(isolation),biceps,elbow_injury,1,4,25%,REVIEW,Wall Biceps Isometric,Brachialis-Smr | Seated Biceps | Standing Biceps Stretch,,,,
(isolation),biceps,heart_disease,1,4,25%,REVIEW,Wall Biceps Isometric,Brachialis-Smr | Seated Biceps | Standing Biceps Stretch,,,,
(isolation),biceps,hypertension,1,4,25%,REVIEW,Wall Biceps Isometric,Brachialis-Smr | Seated Biceps | Standing Biceps Stretch,,,,
(isolation),biceps,rotator_cuff,2,4,50%,REVIEW,Seated Biceps | Standing Biceps Stretch,Brachialis-Smr | Wall Biceps Isometric,,,,
(isolation),biceps,shoulder_injury,2,4,50%,REVIEW,Seated Biceps | Standing Biceps Stretch,Brachialis-Smr | Wall Biceps Isometric,,,,
(isolation),biceps,wrist_injury,1,4,25%,REVIEW,Wall Biceps Isometric,Brachialis-Smr | Seated Biceps | Standing Biceps Stretch,,,,
hack_squat,legs,heart_disease,2,4,50%,REVIEW,Barbell Hack Squat | Weighted Sissy Squat,Hack Squat | Narrow Stance Hack Squats,,,,
hack_squat,legs,hypertension,2,4,50%,REVIEW,Barbell Hack Squat | Weighted Sissy Squat,Hack Squat | Narrow Stance Hack Squats,,,,
hip_thrust,legs,heart_disease,2,4,50%,REVIEW,Barbell Glute Bridge | Barbell Hip Thrust,Butt Lift (Bridge) | Single Leg Glute Bridge,,,,
hip_thrust,legs,hypertension,2,4,50%,REVIEW,Barbell Glute Bridge | Barbell Hip Thrust,Butt Lift (Bridge) | Single Leg Glute Bridge,,,,
leg_press,legs,bad_ankle,1,4,25%,REVIEW,Calf Press On The Leg Press Machine,Leg Press | Narrow Stance Leg Press | Smith Machine Leg Press,,,,
leg_press,legs,heart_disease,1,4,25%,REVIEW,Calf Press On The Leg Press Machine,Leg Press | Narrow Stance Leg Press | Smith Machine Leg Press,,,,
leg_press,legs,hypertension,1,4,25%,REVIEW,Calf Press On The Leg Press Machine,Leg Press | Narrow Stance Leg Press | Smith Machine Leg Press,,,,
pullover,chest,heart_disease,2,4,50%,REVIEW,Front Raise And Pullover | Wide-Grip Decline Barbell Pullover,Bent-Arm Dumbbell Pullover | Straight-Arm Dumbbell Pullover,,,,
pullover,chest,hypertension,2,4,50%,REVIEW,Front Raise And Pullover | Wide-Grip Decline Barbell Pullover,Bent-Arm Dumbbell Pullover | Straight-Arm Dumbbell Pullover,,,,
rear_delt,shoulders,heart_disease,1,4,25%,REVIEW,Barbell Rear Delt Row,Bent Over Dumbbell Rear Delt Raise With Head On Bench | Lying Rear Delt Raise | Seated Bent-Over Rear Delt Raise,,,,
rear_delt,shoulders,hypertension,1,4,25%,REVIEW,Barbell Rear Delt Row,Bent Over Dumbbell Rear Delt Raise With Head On Bench | Lying Rear Delt Raise | Seated Bent-Over Rear Delt Raise,,,,
(isolation),legs,heart_disease,3,126,2%,,Power Jerk | Split Jerk | Wide Stance Stiff Legs,90/90 Hamstring | All Fours Quad Stretch | Alternate Leg Diagonal Bound | Ankle Circles | Ankle On The Knee | Anterior T,,,,
(isolation),legs,herniated_disc,12,126,10%,,Backward Drag | Conan'S Wheel | Knee Across The Body,90/90 Hamstring | All Fours Quad Stretch | Alternate Leg Diagonal Bound | Ankle Circles | Ankle On The Knee | Anterior T,,,,
(isolation),legs,hip_injury,12,126,10%,,Ankle On The Knee | Groin And Back Stretch | Groiners,90/90 Hamstring | All Fours Quad Stretch | Alternate Leg Diagonal Bound | Ankle Circles | Anterior Tibialis-Smr | Backwa,,,,
(isolation),legs,hypertension,3,126,2%,,Power Jerk | Split Jerk | Wide Stance Stiff Legs,90/90 Hamstring | All Fours Quad Stretch | Alternate Leg Diagonal Bound | Ankle Circles | Ankle On The Knee | Anterior T,,,,
(isolation),legs,pregnancy,18,126,14%,,Alternate Leg Diagonal Bound | Bench Jump | Box Jump (Multiple Response),90/90 Hamstring | All Fours Quad Stretch | Ankle Circles | Ankle On The Knee | Anterior Tibialis-Smr | Backward Drag | B,,,,
(isolation),legs,rotator_cuff,8,126,6%,,Conan'S Wheel | Power Jerk | Power Stairs,90/90 Hamstring | All Fours Quad Stretch | Alternate Leg Diagonal Bound | Ankle Circles | Ankle On The Knee | Anterior T,,,,
(isolation),legs,shoulder_injury,8,126,6%,,Conan'S Wheel | Power Jerk | Power Stairs,90/90 Hamstring | All Fours Quad Stretch | Alternate Leg Diagonal Bound | Ankle Circles | Ankle On The Knee | Anterior T,,,,
(isolation),shoulders,herniated_disc,3,62,5%,,Bent Over Low-Pulley Side Lateral | Circus Bell | Log Lift,Alternating Kettlebell Press | Anti-Gravity Press | Arm Circles | Backward Medicine Ball Throw | Band Pull Apart | Barbe,,,,
(isolation),shoulders,lower_back_pain,1,62,2%,,Prone Y-T-W Raise,Alternating Kettlebell Press | Anti-Gravity Press | Arm Circles | Backward Medicine Ball Throw | Band Pull Apart | Barbe,,,,
(isolation),shoulders,osteoporosis,3,62,5%,,Bent Over Low-Pulley Side Lateral | Circus Bell | Log Lift,Alternating Kettlebell Press | Anti-Gravity Press | Arm Circles | Backward Medicine Ball Throw | Band Pull Apart | Barbe,,,,
(isolation),shoulders,pregnancy,1,62,2%,,Prone Y-T-W Raise,Alternating Kettlebell Press | Anti-Gravity Press | Arm Circles | Backward Medicine Ball Throw | Band Pull Apart | Barbe,,,,
(isolation),shoulders,rotator_cuff,62,62,100%,,Alternating Kettlebell Press | Anti-Gravity Press | Arm Circles,,,,,
(isolation),shoulders,shoulder_injury,62,62,100%,,Alternating Kettlebell Press | Anti-Gravity Press | Arm Circles,,,,,
deadlift,legs,bad_knee,50,52,96%,,Alternating Hang Clean | Axle Deadlift | Barbell Deadlift,Clean Shrug | Snatch Shrug,,,,
deadlift,legs,knee_replacement,50,52,96%,,Alternating Hang Clean | Axle Deadlift | Barbell Deadlift,Clean Shrug | Snatch Shrug,,,,
curl,biceps,rotator_cuff,1,51,2%,,Overhead Cable Curl,Alternate Hammer Curl | Alternate Incline Dumbbell Curl | Barbell Curl | Barbell Curls Lying Against An Incline | Cable ,,,,
curl,biceps,shoulder_injury,1,51,2%,,Overhead Cable Curl,Alternate Hammer Curl | Alternate Incline Dumbbell Curl | Barbell Curl | Barbell Curls Lying Against An Incline | Cable ,,,,
curl,biceps,wrist_injury,3,51,6%,,Standing Dumbbell Reverse Curl | Self-Resisted Biceps Curl | Towel Isometric Curl,Alternate Hammer Curl | Alternate Incline Dumbbell Curl | Barbell Curl | Barbell Curls Lying Against An Incline | Cable ,,,,
(isolation),core,bad_ankle,1,45,2%,,Wind Sprints,Ab Roller | Advanced Kettlebell Windmill | Air Bike | Alternate Heel Touchers | Barbell Ab Rollout | Barbell Ab Rollout ,,,,
(isolation),core,osteoporosis,6,45,13%,,Barbell Ab Rollout | Barbell Ab Rollout - On Knees | Barbell Side Bend,Ab Roller | Advanced Kettlebell Windmill | Air Bike | Alternate Heel Touchers | Barbell Rollout From Bench | Bottoms Up ,,,,
core,core,heart_disease,3,44,7%,,Crunch - Hands Overhead | Press Sit-Up | Seated Barbell Twist,3/4 Sit-Up | Ab Crunch Machine | Bent-Knee Hip Raise | Bosu Ball Cable Crunch With Side Bends | Cable Crunch | Cable Rev,,,,
core,core,herniated_disc,41,44,93%,,3/4 Sit-Up | Ab Crunch Machine | Bent-Knee Hip Raise,Medicine Ball Full Twist | Press Sit-Up | Seated Barbell Twist,,,,
core,core,hypertension,3,44,7%,,Crunch - Hands Overhead | Press Sit-Up | Seated Barbell Twist,3/4 Sit-Up | Ab Crunch Machine | Bent-Knee Hip Raise | Bosu Ball Cable Crunch With Side Bends | Cable Crunch | Cable Rev,,,,
core,core,lower_back_pain,40,44,91%,,3/4 Sit-Up | Ab Crunch Machine | Bent-Knee Hip Raise,Medicine Ball Full Twist | Press Sit-Up | Russian Twist | Seated Barbell Twist,,,,
core,core,osteoporosis,1,44,2%,,Russian Twist,3/4 Sit-Up | Ab Crunch Machine | Bent-Knee Hip Raise | Bosu Ball Cable Crunch With Side Bends | Cable Crunch | Cable Rev,,,,
core,core,pregnancy,40,44,91%,,3/4 Sit-Up | Ab Crunch Machine | Bent-Knee Hip Raise,Medicine Ball Full Twist | Press Sit-Up | Russian Twist | Seated Barbell Twist,,,,
core,core,rotator_cuff,3,44,7%,,Crunch - Hands Overhead | Medicine Ball Full Twist | Press Sit-Up,3/4 Sit-Up | Ab Crunch Machine | Bent-Knee Hip Raise | Bosu Ball Cable Crunch With Side Bends | Cable Crunch | Cable Rev,,,,
core,core,shoulder_injury,3,44,7%,,Crunch - Hands Overhead | Medicine Ball Full Twist | Press Sit-Up,3/4 Sit-Up | Ab Crunch Machine | Bent-Knee Hip Raise | Bosu Ball Cable Crunch With Side Bends | Cable Crunch | Cable Rev,,,,
squat,legs,bad_ankle,3,43,7%,,Freehand Jump Squat | Kneeling Jump Squat | Weighted Jump Squat,Barbell Full Squat | Barbell Squat | Barbell Squat To A Bench | Bodyweight Squat | Box Squat | Box Squat With Bands | Bo,,,,
squat,legs,bad_knee,43,43,100%,,Barbell Full Squat | Barbell Squat | Barbell Squat To A Bench,,,,,
squat,legs,knee_replacement,43,43,100%,,Barbell Full Squat | Barbell Squat | Barbell Squat To A Bench,,,,,
squat,legs,pregnancy,3,43,7%,,Freehand Jump Squat | Kneeling Jump Squat | Weighted Jump Squat,Barbell Full Squat | Barbell Squat | Barbell Squat To A Bench | Bodyweight Squat | Box Squat | Box Squat With Bands | Bo,,,,
squat,legs,rotator_cuff,5,43,12%,,Goblet Squat | Kettlebell Pistol Squat | One-Arm Overhead Kettlebell Squats,Barbell Full Squat | Barbell Squat | Barbell Squat To A Bench | Bodyweight Squat | Box Squat | Box Squat With Bands | Bo,,,,
squat,legs,shoulder_injury,5,43,12%,,Goblet Squat | Kettlebell Pistol Squat | One-Arm Overhead Kettlebell Squats,Barbell Full Squat | Barbell Squat | Barbell Squat To A Bench | Bodyweight Squat | Box Squat | Box Squat With Bands | Bo,,,,
triceps_extension,triceps,herniated_disc,3,41,7%,,Seated Bent-Over One-Arm Dumbbell Triceps Extension | Seated Bent-Over Two-Arm Dumbbell Triceps Extension | Standing Bent-Over Two-Arm Dumbbell Triceps Extension,Band Skull Crusher | Body Tricep Press | Cable Incline Triceps Extension | Cable Lying Triceps Extension | Cable One Arm,,,,
triceps_extension,triceps,lower_back_pain,3,41,7%,,Seated Bent-Over One-Arm Dumbbell Triceps Extension | Seated Bent-Over Two-Arm Dumbbell Triceps Extension | Standing Bent-Over Two-Arm Dumbbell Triceps Extension,Band Skull Crusher | Body Tricep Press | Cable Incline Triceps Extension | Cable Lying Triceps Extension | Cable One Arm,,,,
(isolation),back,cervical_spondylosis,4,39,10%,,Spinal Stretch | Upper Back Stretch | Superman Hold,Atlas Stone Trainer | Atlas Stones | Cat Stretch | Catch And Overhead Throw | Chair Lower Back Stretch | Child'S Pose | ,,,,
(isolation),back,elbow_injury,3,39,8%,,Gironda Sternum Chins | Mixed Grip Chin | One Handed Hang,Atlas Stone Trainer | Atlas Stones | Cat Stretch | Catch And Overhead Throw | Chair Lower Back Stretch | Child'S Pose | ,,,,
(isolation),back,heart_disease,4,39,10%,,Overhead Lat | Overhead Slam | Rack Pull With Bands,Atlas Stone Trainer | Atlas Stones | Cat Stretch | Catch And Overhead Throw | Chair Lower Back Stretch | Child'S Pose | ,,,,
(isolation),back,hypertension,4,39,10%,,Overhead Lat | Overhead Slam | Rack Pull With Bands,Atlas Stone Trainer | Atlas Stones | Cat Stretch | Catch And Overhead Throw | Chair Lower Back Stretch | Child'S Pose | ,,,,
(isolation),back,neck_injury,2,39,5%,,Spinal Stretch | Upper Back Stretch,Atlas Stone Trainer | Atlas Stones | Cat Stretch | Catch And Overhead Throw | Chair Lower Back Stretch | Child'S Pose | ,,,,
(isolation),back,pregnancy,3,39,8%,,Superman Hold | Prone Swimmer | Reverse Snow Angel,Atlas Stone Trainer | Atlas Stones | Cat Stretch | Catch And Overhead Throw | Chair Lower Back Stretch | Child'S Pose | ,,,,
(isolation),back,wrist_injury,2,39,5%,,London Bridges | One Handed Hang,Atlas Stone Trainer | Atlas Stones | Cat Stretch | Catch And Overhead Throw | Chair Lower Back Stretch | Child'S Pose | ,,,,
row,back,herniated_disc,3,33,9%,,Bent Over One-Arm Long Bar Row | Bent Over Two-Dumbbell Row With Palms In | Lying T-Bar Row,Alternating Kettlebell Row | Alternating Renegade Row | Bent Over Barbell Row | Bent Over Two-Arm Long Bar Row | Bent Ov,,,,
row,back,lower_back_pain,2,33,6%,,Bent Over Two-Dumbbell Row With Palms In | Lying T-Bar Row,Alternating Kettlebell Row | Alternating Renegade Row | Bent Over Barbell Row | Bent Over One-Arm Long Bar Row | Bent Ov,,,,
row,back,osteoporosis,1,33,3%,,Bent Over One-Arm Long Bar Row,Alternating Kettlebell Row | Alternating Renegade Row | Bent Over Barbell Row | Bent Over Two-Arm Long Bar Row | Bent Ov,,,,
(push_h),chest,bad_ankle,3,22,14%,,Incline Push-Up Depth Jump | Plyo Kettlebell Pushups | Plyo Push-Up,Alternating Floor Press | Clock Push-Up | Decline Push-Up | Dips - Chest Version | Extended Range One-Arm Kettlebell Flo,,,,
(push_h),chest,bad_knee,3,22,14%,,Incline Push-Up Depth Jump | Plyo Kettlebell Pushups | Plyo Push-Up,Alternating Floor Press | Clock Push-Up | Decline Push-Up | Dips - Chest Version | Extended Range One-Arm Kettlebell Flo,,,,
(push_h),chest,elbow_injury,1,22,5%,,One-Arm Kettlebell Floor Press,Alternating Floor Press | Clock Push-Up | Decline Push-Up | Dips - Chest Version | Extended Range One-Arm Kettlebell Flo,,,,
(push_h),chest,osteoporosis,3,22,14%,,Incline Push-Up Depth Jump | Plyo Kettlebell Pushups | Plyo Push-Up,Alternating Floor Press | Clock Push-Up | Decline Push-Up | Dips - Chest Version | Extended Range One-Arm Kettlebell Flo,,,,
(push_h),chest,pregnancy,3,22,14%,,Incline Push-Up Depth Jump | Plyo Kettlebell Pushups | Plyo Push-Up,Alternating Floor Press | Clock Push-Up | Decline Push-Up | Dips - Chest Version | Extended Range One-Arm Kettlebell Flo,,,,
(push_h),chest,rotator_cuff,22,22,100%,,Alternating Floor Press | Clock Push-Up | Decline Push-Up,,,,,
(push_h),chest,shoulder_injury,22,22,100%,,Alternating Floor Press | Clock Push-Up | Decline Push-Up,,,,,
(push_h),chest,wrist_injury,1,22,5%,,One-Arm Kettlebell Floor Press,Alternating Floor Press | Clock Push-Up | Decline Push-Up | Dips - Chest Version | Extended Range One-Arm Kettlebell Flo,,,,
overhead_press,shoulders,rotator_cuff,22,22,100%,,Alternating Cable Shoulder Press | Arnold Dumbbell Press | Barbell Shoulder Press,,,,,
overhead_press,shoulders,shoulder_injury,22,22,100%,,Alternating Cable Shoulder Press | Arnold Dumbbell Press | Barbell Shoulder Press,,,,,
(isolation),chest,bad_knee,1,21,5%,,Forward Drag With Press,Around The Worlds | Behind Head Chest Stretch | Chain Press | Chest And Front Of Shoulder Stretch | Chest Push From 3 Po,,,,
(isolation),chest,knee_replacement,1,21,5%,,Forward Drag With Press,Around The Worlds | Behind Head Chest Stretch | Chain Press | Chest And Front Of Shoulder Stretch | Chest Push From 3 Po,,,,
(isolation),chest,rotator_cuff,19,21,90%,,Around The Worlds | Behind Head Chest Stretch | Chain Press,Chest Stretch On Stability Ball | Dynamic Chest Stretch,,,,
(isolation),chest,shoulder_injury,21,21,100%,,Around The Worlds | Behind Head Chest Stretch | Chain Press,,,,,
calf_raise,legs,herniated_disc,1,19,5%,,Seated Calf Stretch,Barbell Seated Calf Raise | Calf Press | Calf Raise On A Dumbbell | Calf Raises - With Bands | Calf Stretch Elbows Again,,,,
calf_raise,legs,osteoporosis,1,19,5%,,Seated Calf Stretch,Barbell Seated Calf Raise | Calf Press | Calf Raise On A Dumbbell | Calf Raises - With Bands | Calf Stretch Elbows Again,,,,
(isolation),cardio,ankle_injury,2,17,12%,,Jump Rope | Jumping Jacks,Treadmill Running | Stationary Bike | Burpee | Mountain Climbers | High Knees | Elliptical Trainer | Swimming (Freestyle,,,,
(isolation),cardio,bad_ankle,1,17,6%,,Dance Aerobics / Zumba-style,Treadmill Running | Stationary Bike | Jump Rope | Burpee | Mountain Climbers | High Knees | Elliptical Trainer | Swimmin,,,,
(isolation),cardio,elbow_injury,1,17,6%,,Battle Ropes,Treadmill Running | Stationary Bike | Jump Rope | Burpee | Mountain Climbers | High Knees | Elliptical Trainer | Swimmin,,,,
(isolation),cardio,shin_splints,2,17,12%,,Treadmill Running | Sprint Intervals (HIIT),Stationary Bike | Jump Rope | Burpee | Mountain Climbers | High Knees | Elliptical Trainer | Swimming (Freestyle) | Jump,,,,
(isolation),cardio,wrist_injury,1,17,6%,,Mountain Climbers,Treadmill Running | Stationary Bike | Jump Rope | Burpee | High Knees | Elliptical Trainer | Swimming (Freestyle) | Jump,,,,
(isolation),full_body,heart_disease,1,16,6%,,Wrist Rotations With Straight Bar,Chin To Chest Stretch | Dumbbell Lying Pronation | Dumbbell Lying Supination | Isometric Neck Exercise - Front And Back ,,,,
(isolation),full_body,hypertension,1,16,6%,,Wrist Rotations With Straight Bar,Chin To Chest Stretch | Dumbbell Lying Pronation | Dumbbell Lying Supination | Isometric Neck Exercise - Front And Back ,,,,
(isolation),full_body,rotator_cuff,1,16,6%,,Wrist Roller,Chin To Chest Stretch | Dumbbell Lying Pronation | Dumbbell Lying Supination | Isometric Neck Exercise - Front And Back ,,,,
(isolation),full_body,shoulder_injury,1,16,6%,,Wrist Roller,Chin To Chest Stretch | Dumbbell Lying Pronation | Dumbbell Lying Supination | Isometric Neck Exercise - Front And Back ,,,,
fly,chest,heart_disease,1,13,8%,,Bodyweight Flyes,Butterfly | Cable Crossover | Cable Iron Cross | Decline Dumbbell Flyes | Dumbbell Flyes | Flat Bench Cable Flyes | Incl,,,,
fly,chest,hypertension,1,13,8%,,Bodyweight Flyes,Butterfly | Cable Crossover | Cable Iron Cross | Decline Dumbbell Flyes | Dumbbell Flyes | Flat Bench Cable Flyes | Incl,,,,
fly,chest,rotator_cuff,13,13,100%,,Bodyweight Flyes | Butterfly | Cable Crossover,,,,,
fly,chest,shoulder_injury,13,13,100%,,Bodyweight Flyes | Butterfly | Cable Crossover,,,,,
lunge,legs,bad_knee,13,13,100%,,Barbell Lunge | Barbell Side Split Squat | Barbell Walking Lunge,,,,,
lunge,legs,herniated_disc,1,13,8%,,Barbell Side Split Squat,Barbell Lunge | Barbell Walking Lunge | Bodyweight Walking Lunge | Dumbbell Lunges | Dumbbell Rear Lunge | Elevated Back,,,,
lunge,legs,knee_replacement,13,13,100%,,Barbell Lunge | Barbell Side Split Squat | Barbell Walking Lunge,,,,,
lunge,legs,osteoporosis,1,13,8%,,Barbell Side Split Squat,Barbell Lunge | Barbell Walking Lunge | Bodyweight Walking Lunge | Dumbbell Lunges | Dumbbell Rear Lunge | Elevated Back,,,,
bench,chest,rotator_cuff,12,12,100%,,Barbell Bench Press - Medium Grip | Barbell Guillotine Bench Press | Bench Press - With Bands,,,,,
bench,chest,shoulder_injury,12,12,100%,,Barbell Bench Press - Medium Grip | Barbell Guillotine Bench Press | Bench Press - With Bands,,,,,
(push_h),triceps,rotator_cuff,11,11,100%,,Bench Dips | Close-Grip Push-Up Off Of A Dumbbell | Dip Machine,,,,,
(push_h),triceps,shoulder_injury,11,11,100%,,Bench Dips | Close-Grip Push-Up Off Of A Dumbbell | Dip Machine,,,,,
lateral_raise,shoulders,rotator_cuff,11,11,100%,,Alternating Deltoid Raise | Cable Seated Lateral Raise | Dumbbell Lying One-Arm Rear Lateral Raise,,,,,
lateral_raise,shoulders,shoulder_injury,11,11,100%,,Alternating Deltoid Raise | Cable Seated Lateral Raise | Dumbbell Lying One-Arm Rear Lateral Raise,,,,,
good_morning,legs,bad_knee,9,10,90%,,Band Good Morning | Band Good Morning (Pull Through) | Good Morning,Seated Good Mornings,,,,
good_morning,legs,herniated_disc,9,10,90%,,Band Good Morning | Band Good Morning (Pull Through) | Good Morning,Reverse Hyperextension,,,,
good_morning,legs,knee_replacement,9,10,90%,,Band Good Morning | Band Good Morning (Pull Through) | Good Morning,Seated Good Mornings,,,,
good_morning,legs,osteoporosis,9,10,90%,,Band Good Morning | Band Good Morning (Pull Through) | Good Morning,Reverse Hyperextension,,,,
pulldown,back,shoulder_injury,10,10,100%,,Close-Grip Front Lat Pulldown | Full Range-Of-Motion Lat Pulldown | One Arm Lat Pulldown,,,,,
(pull_v),back,shoulder_injury,8,8,100%,,Band Assisted Pull-Up | Chin-Up | One Arm Chin-Up,,,,,
deadlift,shoulders,bad_knee,6,7,86%,,Clean And Jerk | Clean And Press | Double Kettlebell Snatch,One-Arm Kettlebell Clean And Jerk,,,,
deadlift,shoulders,knee_replacement,6,7,86%,,Clean And Jerk | Clean And Press | Double Kettlebell Snatch,One-Arm Kettlebell Clean And Jerk,,,,
deadlift,shoulders,rotator_cuff,7,7,100%,,Clean And Jerk | Clean And Press | Double Kettlebell Snatch,,,,,
deadlift,shoulders,shoulder_injury,7,7,100%,,Clean And Jerk | Clean And Press | Double Kettlebell Snatch,,,,,
fly,shoulders,bad_knee,1,7,14%,,Iron Cross,Back Flyes - With Bands | Cable Rear Delt Fly | Reverse Flyes | Reverse Flyes With External Rotation | Reverse Machine F,,,,
fly,shoulders,herniated_disc,1,7,14%,,Iron Cross,Back Flyes - With Bands | Cable Rear Delt Fly | Reverse Flyes | Reverse Flyes With External Rotation | Reverse Machine F,,,,
fly,shoulders,knee_replacement,1,7,14%,,Iron Cross,Back Flyes - With Bands | Cable Rear Delt Fly | Reverse Flyes | Reverse Flyes With External Rotation | Reverse Machine F,,,,
fly,shoulders,osteoporosis,1,7,14%,,Iron Cross,Back Flyes - With Bands | Cable Rear Delt Fly | Reverse Flyes | Reverse Flyes With External Rotation | Reverse Machine F,,,,
fly,shoulders,rotator_cuff,7,7,100%,,Back Flyes - With Bands | Cable Rear Delt Fly | Iron Cross,,,,,
fly,shoulders,shoulder_injury,7,7,100%,,Back Flyes - With Bands | Cable Rear Delt Fly | Iron Cross,,,,,
incline_press,chest,heart_disease,1,7,14%,,Barbell Incline Bench Press - Medium Grip,Hammer Grip Incline Db Bench Press | Incline Cable Chest Press | Incline Dumbbell Bench With Palms Facing In | Incline D,,,,
incline_press,chest,hypertension,1,7,14%,,Barbell Incline Bench Press - Medium Grip,Hammer Grip Incline Db Bench Press | Incline Cable Chest Press | Incline Dumbbell Bench With Palms Facing In | Incline D,,,,
incline_press,chest,rotator_cuff,7,7,100%,,Barbell Incline Bench Press - Medium Grip | Hammer Grip Incline Db Bench Press | Incline Cable Chest Press,,,,,
incline_press,chest,shoulder_injury,7,7,100%,,Barbell Incline Bench Press - Medium Grip | Hammer Grip Incline Db Bench Press | Incline Cable Chest Press,,,,,
shrug,back,rotator_cuff,1,7,14%,,Smith Machine Behind The Back Shrug,Barbell Shrug | Barbell Shrug Behind The Back | Cable Shrugs | Dumbbell Shrug | Leverage Shrug | Middle Back Shrug,,,,
shrug,back,shoulder_injury,1,7,14%,,Smith Machine Behind The Back Shrug,Barbell Shrug | Barbell Shrug Behind The Back | Cable Shrugs | Dumbbell Shrug | Leverage Shrug | Middle Back Shrug,,,,
bench,triceps,rotator_cuff,6,6,100%,,Bench Press - Powerlifting | Bench Press With Chains | Close-Grip Barbell Bench Press,,,,,
bench,triceps,shoulder_injury,6,6,100%,,Bench Press - Powerlifting | Bench Press With Chains | Close-Grip Barbell Bench Press,,,,,
front_raise,shoulders,rotator_cuff,6,6,100%,,Dumbbell Raise | Front Dumbbell Raise | Front Incline Dumbbell Raise,,,,,
front_raise,shoulders,shoulder_injury,6,6,100%,,Dumbbell Raise | Front Dumbbell Raise | Front Incline Dumbbell Raise,,,,,
leg_curl,legs,bad_knee,5,5,100%,,Ball Leg Curl | Lying Leg Curls | Seated Band Hamstring Curl,,,,,
leg_curl,legs,knee_replacement,5,5,100%,,Ball Leg Curl | Lying Leg Curls | Seated Band Hamstring Curl,,,,,
chest_press,chest,rotator_cuff,4,4,100%,,Cable Chest Press | Leverage Chest Press | Leverage Decline Chest Press,,,,,
chest_press,chest,shoulder_injury,4,4,100%,,Cable Chest Press | Leverage Chest Press | Leverage Decline Chest Press,,,,,
hack_squat,legs,bad_knee,4,4,100%,,Barbell Hack Squat | Hack Squat | Narrow Stance Hack Squats,,,,,
hack_squat,legs,knee_replacement,4,4,100%,,Barbell Hack Squat | Hack Squat | Narrow Stance Hack Squats,,,,,
hip_thrust,legs,bad_knee,4,4,100%,,Barbell Glute Bridge | Barbell Hip Thrust | Butt Lift (Bridge),,,,,
hip_thrust,legs,knee_replacement,4,4,100%,,Barbell Glute Bridge | Barbell Hip Thrust | Butt Lift (Bridge),,,,,
leg_press,legs,bad_knee,4,4,100%,,Calf Press On The Leg Press Machine | Leg Press | Narrow Stance Leg Press,,,,,
leg_press,legs,knee_replacement,4,4,100%,,Calf Press On The Leg Press Machine | Leg Press | Narrow Stance Leg Press,,,,,
pullover,chest,rotator_cuff,4,4,100%,,Bent-Arm Dumbbell Pullover | Front Raise And Pullover | Straight-Arm Dumbbell Pullover,,,,,
pullover,chest,shoulder_injury,4,4,100%,,Bent-Arm Dumbbell Pullover | Front Raise And Pullover | Straight-Arm Dumbbell Pullover,,,,,
pushdown,triceps,elbow_injury,4,4,100%,,Reverse Grip Triceps Pushdown | Triceps Pushdown | Triceps Pushdown - Rope Attachment,,,,,
rear_delt,shoulders,rotator_cuff,4,4,100%,,Barbell Rear Delt Row | Bent Over Dumbbell Rear Delt Raise With Head On Bench | Lying Rear Delt Raise,,,,,
rear_delt,shoulders,shoulder_injury,4,4,100%,,Barbell Rear Delt Row | Bent Over Dumbbell Rear Delt Raise With Head On Bench | Lying Rear Delt Raise,,,,,
