food,food_id,category,prep_state,stated_reasoning,rasa,guna,virya,vipaka,dosha_effect,pathya_for,apathya_for,gates_a_condition,analogy_ok,profile_ok,should_be,vaidya_notes
Almond Milk,almond_milk,vegan_protein,prepared,"No classical entry. Reasoned from Badama (Vatadi), diluted roughly ten to one — the madhura rasa and snigdha guna survive, the guru quality does not. Extrapolated, not cited.",sweet,laghu; snigdha,cooling,sweet,V-1 P-1 K+1,acidity,hypothyroid,yes,,,,
Black Beans,black_beans,legume,cooked,"No nighantu entry — a New World crop. Reasoned from the Shimbi Varga as guru, ruksha and Vata-vardhaka. Extrapolated, not cited.",sweet; astringent,guru; ruksha,cooling,pungent,V+2 P+0 K-1,diabetes; high_cholesterol,ibs; grahani; arsha,yes,,,,
Broccoli,broccoli,vegetable,cooked,"No nighantu entry. Reasoned from the Shaka Varga at its tikta-kashaya, laghu, ruksha end alongside the other crucifers; the goitrogen caution is modern. Extrapolated, not cited.",bitter; astringent,laghu; ruksha,cooling,pungent,V+2 P-1 K-1,obesity; diabetes; high_cholesterol,hypothyroid; thyroid; ibs; grahani,yes,,,,
Cabbage,cabbage,vegetable,cooked,"No nighantu entry. Reasoned with the other crucifers; strongly Vata-vardhaka. Extrapolated, not cited.",astringent; sweet,laghu; ruksha,cooling,pungent,V+2 P-1 K-1,obesity; diabetes,hypothyroid; thyroid; ibs; grahani; amavata,yes,,,,
Cashew Cream,cashew_cream,vegan_protein,prepared,"No classical entry for the preparation. Reasoned from Kaju (Vatadi Varga) wet-ground — its ushna virya and Pitta action carry over undiluted. Extrapolated, not cited.",sweet,guru; snigdha,heating,sweet,V-2 P+1 K+2,,acidity; obesity; high_cholesterol; psoriasis,yes,,,,
Cauliflower,cauliflower,vegetable,cooked,"No nighantu entry. Reasoned with the other crucifers as laghu, ruksha and markedly Vata-vardhaka — the flatulence is what the classical Shaka cautions describe. Extrapolated, not cited.",astringent; sweet,laghu; ruksha,cooling,pungent,V+2 P-1 K-1,obesity; diabetes,hypothyroid; thyroid; ibs; grahani; amavata,yes,,,,
Chikoo (Sapota),chikoo_sapota,fruit,ripe,"No nighantu entry — sapota reaches India from the New World in the colonial period. Reasoned from the Amradi Phala Varga as a madhura, guru, shita fruit, nearest to Kharjura in guna. Extrapolated, not cited.",sweet,guru; snigdha,cooling,sweet,V-1 P-1 K+2,constipation; anemia,diabetes; obesity; hypothyroid,yes,,,,
Coconut Yogurt,coconut_yogurt,vegan_protein,prepared,"No classical entry. Reasoned as Narikela Ksheera taken through the fermentation Dadhi undergoes — amla rasa and amla vipaka arrive with the souring, and the Amavata bar arrives with them. Extrapolated, not cited.",sweet; sour,guru; snigdha,heating,sour,V-1 P+1 K+1,,amavata; psoriasis; acidity; obesity,yes,,,,
Cottage Cheese,cottage_cheese,dairy,prepared,"No classical entry. Reasoned from Kilata (curdled milk solids), with an amla anurasa the acid-set curdling adds and less guru than paneer for its lower fat. Extrapolated, not cited.",sweet; sour,guru; snigdha,cooling,sweet,V-1 P+0 K+2,,obesity; hypothyroid; asthma,yes,,,,
Edamame,edamame,legume,cooked,"No nighantu entry — the green soybean. Reasoned from the Shimbi Varga; lighter than the dried bean because it is eaten immature. Extrapolated, not cited.",sweet; astringent,guru; ruksha,cooling,pungent,V+1 P-1 K+0,,hypothyroid; thyroid; ibs,yes,,,,
Flax Milk,flax_milk,vegan_protein,prepared,"No classical entry. Reasoned from Atasi (Uma Varga), which is ushna virya and katu vipaka despite a madhura-kashaya rasa — the Pitta caution is Atasi's own and survives the dilution. Extrapolated, not cited.",sweet; astringent,guru; snigdha; picchila,heating,pungent,V-1 P+1 K+0,pcos; constipation; high_cholesterol,acidity; psoriasis,yes,,,,
French Beans,french_beans,vegetable,cooked,"No nighantu entry — a New World bean. Reasoned from the Shimbi Shaka as laghu, ruksha and Vata-vardhaka. Extrapolated, not cited.",sweet; astringent,laghu; ruksha,cooling,pungent,V+1 P-1 K-1,diabetes; obesity,ibs; grahani,yes,,,,
Green Tea,green_tea,beverage,prepared,"No classical entry for the prepared infusion. Reasoned from Kashaya Kalpana — a kashaya-tikta decoction, laghu and ruksha, Kapha-hara and Vata-vardhaka on repetition. Extrapolated, not cited.",astringent; bitter,laghu; ruksha,heating,pungent,V+1 P+0 K-2,obesity; high_cholesterol; fatty_liver,constipation; acidity; anemia,yes,,,,
Hemp Seeds,hemp_seeds,nut_seed,raw,"The plant is Vijaya in the nighantus but the hulled seed is a modern food and carries none of Vijaya's action. Reasoned from the Vatadi Varga as a guru, snigdha, ushna oilseed. Extrapolated, not cited.",sweet; astringent,guru; snigdha,heating,sweet,V-1 P+1 K+1,high_cholesterol; amavata,acidity,yes,,,,
Katuvira (Capsicum),capsicum_bell_pepper,vegetable,cooked,"No nighantu entry — Capsicum is a New World genus. Reasoned as a mild katu, laghu, ushna Shaka, far below Maricha in tikshna. Extrapolated, not cited.",pungent; sweet,laghu; ruksha,heating,pungent,V-1 P+1 K-1,obesity,acidity; psoriasis,yes,,,,
Kidney Beans,kidney_beans,legume,cooked,"No classical entry. Reasoned from the Shimbi Varga as a guru, ruksha, kashaya-madhura legume. Extrapolated, not cited.",sweet; astringent,guru; ruksha; sthira,cooling,pungent,V+2 P-1 K-1,,ibs; grahani; arsha; amavata,yes,,,,
Kiwi,kiwi,fruit,ripe,"No nighantu entry. Reasoned from the Amradi Phala Varga as a madhura-amla, laghu, shita fruit — nearest to Nagaranga in action, milder in its Kapha effect. Extrapolated, not cited.",sweet; sour,laghu; snigdha,cooling,sour,V-1 P+0 K+0,constipation; anemia,acidity,yes,,,,
Kuttu (Buckwheat),buckwheat,grain,cooked,"No nighantu entry; a Vrata food of later usage. Reasoned as a laghu, ruksha, ushna Kudhanya — its Pitta caution is the one folk practice and Unani sources agree on. Extrapolated, not cited.",sweet; astringent,laghu; ruksha,heating,pungent,V+1 P+1 K-1,diabetes; obesity,acidity; psoriasis,yes,,,,
Nutritional Yeast,nutritional_yeast,vegan_protein,prepared,"No classical entry. A dried fermented product with no dravya analogue; reasoned as kashaya-tikta, laghu and ruksha, Kapha-hara and Vata-vardhaka. The Amavata and psoriasis bars follow from its being fermented, which is Viruddha in Kushtha. Extrapolated, not cited.",astringent; bitter,laghu; ruksha,heating,pungent,V+1 P+0 K-2,anemia,migraine; psoriasis; amavata,yes,,,,
Oat Milk,oat_milk,vegan_protein,prepared,"No classical entry. Reasoned from Yava Varga — a madhura, picchila grain extract; unlike Yava itself it is not Kapha-hara, because the milling and straining leave the sweet starch and discard the ruksha bran. Extrapolated, not cited.",sweet,guru; snigdha; picchila,cooling,sweet,V-1 P-1 K+2,,diabetes; obesity,yes,,,,
Oats Porridge,oats,grain,cooked,"No classical entry. Reasoned from Yava Varga — but unlike Yava it is picchila and not Medohara, because the sliminess that makes oats cholesterol-lowering is the opposite of Yava's ruksha, sara quality. Extrapolated, not cited.",sweet; astringent,guru; picchila; snigdha,cooling,sweet,V-1 P-1 K+1,high_cholesterol; constipation; acidity,hypothyroid; ibs,yes,,,,
Olive Oil,olive_oil,oil,prepared,"No classical entry. Reasoned from Taila Varga as a madhura-kashaya sneha of shita virya — nearest to Narikela Taila in guna, milder in its Kapha effect. Extrapolated, not cited.",sweet; astringent,guru; snigdha,cooling,sweet,V-1 P-1 K+1,high_cholesterol; hypertension,obesity,yes,,,,
Paratha,paratha,grain,cooked,"A preparation, not a dravya. Reasoned from Godhuma cooked in sneha: the wheat's guru-snigdha guna intensified and the virya turned ushna by the ghee and the griddle. Extrapolated, not cited.",sweet,guru; snigdha; sthira,heating,sweet,V-2 P+1 K+2,,obesity; high_cholesterol; fatty_liver; acidity; arsha,yes,,,,
Pineapple,pineapple,fruit,ripe,"No nighantu entry — a New World fruit. Reasoned as madhura-amla, tikshna and ushna; the pregnancy caution is the one folk and modern sources agree on and matches papaya's Bhedana action. Extrapolated, not cited.",sweet; sour,guru; tikshna,heating,sour,V-1 P+1 K-1,obesity; constipation,pregnancy; acidity; psoriasis; amavata,yes,,,,
Rajma (Kidney Beans),rajma,legume,cooked,"No nighantu entry — the kidney bean is a New World crop. Reasoned from the Shimbi Varga at its guru, ruksha, Vata-vardhaka end, which is where its reputation for flatulence puts it. Extrapolated, not cited.",sweet; astringent,guru; ruksha; sthira,cooling,pungent,V+2 P-1 K-1,diabetes,ibs; grahani; arsha; amavata,yes,,,,
Raktaphala (Tomato),tomato,vegetable,raw,"No nighantu entry — the tomato is a New World fruit. Reasoned as amla-madhura with amla vipaka and ushna virya; the Amlapitta and Amavata cautions follow from the amla rasa the derived row already named while giving it katu vipaka. Extrapolated, not cited.",sour; sweet,laghu; snigdha,heating,sour,V-1 P+2 K-1,,acidity; amavata; psoriasis; arsha; kidney_disease,yes,,,,
Sabudana (Tapioca Pearls),sabudana,grain,cooked,"No nighantu entry — tapioca is a New World root and reaches India long after the texts. Reasoned as pure madhura starch: guru, picchila, Kapha-vardhaka, and nutritionally near-empty besides carbohydrate. Extrapolated, not cited.",sweet,guru; picchila; sthira,cooling,sweet,V-1 P-1 K+2,,diabetes; obesity; hypothyroid; fatty_liver,yes,,,,
Soy Milk,soy_milk,vegan_protein,prepared,"No classical entry; the soybean itself is absent from the nighantus. Reasoned from the Shimbi (legume) Varga as a madhura-kashaya, guru, abhishyandi preparation — Vata-vardhaka by its flatulence, as legumes are. Extrapolated, not cited.",sweet; astringent,guru; picchila,cooling,sweet,V+1 P-1 K+1,,hypothyroid; thyroid; ibs; pcos,yes,,,,
Soya Chunks,soya_chunks,legume,cooked,"No nighantu entry, and the defatted extrusion has no dravya analogue at all. Reasoned from the Shimbi Varga as guru and ruksha; the thyroid caution is modern and does not come from the texts. Extrapolated, not cited.",sweet; astringent,guru; ruksha,cooling,pungent,V+2 P+0 K+0,,hypothyroid; thyroid; ibs; pcos,yes,,,,
Sunflower Seeds,sunflower_seeds,nut_seed,raw,"No nighantu entry — a New World seed. Reasoned from the Vatadi Varga as a guru, snigdha, ushna oilseed, nearest to Tila in guna but without its tikta rasa. Extrapolated, not cited.",sweet,guru; snigdha,heating,sweet,V-1 P+1 K+1,high_cholesterol,acidity; obesity,yes,,,,
Tempeh,tempeh,legume,fermented,"No nighantu entry. Reasoned as a Shimbi taken through mould fermentation: ushna virya and katu vipaka arrive with it, and with them the Amavata and Kushtha bars that attach to fermented food. Extrapolated, not cited.",sweet; astringent,guru; ruksha,heating,pungent,V+1 P+1 K+0,,amavata; psoriasis; hypothyroid; migraine,yes,,,,
Tofu,vegan_paneer_tofu,vegan_protein,prepared,"No classical entry. Reasoned from the Shimbi Varga curdled as Kilata is — guru and abhishyandi like paneer, but Vata-vardhaka where paneer is Vata-hara, because the legume's flatulence survives the curdling. Extrapolated, not cited.",sweet; astringent,guru; picchila,cooling,sweet,V+1 P-1 K+1,,hypothyroid; thyroid; ibs; pcos,yes,,,,
Tofu (Firm),tofu_firm,legume,prepared,"No classical entry. Reasoned from the Shimbi Varga curdled as Kilata is. Extrapolated, not cited.",sweet; astringent,guru; picchila,cooling,sweet,V+1 P-1 K+1,,hypothyroid; thyroid; ibs; pcos,yes,,,,
Upma,upma,grain,cooked,"A preparation, not a dravya. Reasoned from Godhuma sooji with a ushna tadka — the semolina's guru guna, warmed and lightened by the spices. Extrapolated, not cited.",sweet,guru; snigdha,heating,sweet,V-1 P+0 K+1,,diabetes; obesity,yes,,,,
Whole Wheat Bread,bread_whole_wheat,grain,fermented,"No classical entry. Reasoned from Godhuma taken through yeast fermentation: amla rasa and amla vipaka arrive with the souring, and with them the Amavata and Kushtha bars that attach to fermented food. Extrapolated, not cited.",sweet; sour,guru; ruksha; sthira,heating,sour,V+1 P+1 K+2,,amavata; psoriasis; acidity; obesity; ibs,yes,,,,
Asparagus,asparagus,vegetable,cooked,"The garden asparagus is not Shatavari, though the genus is shared; the nighantu entry describes the root and this row is the shoot. Reasoned as a madhura-tikta, shita Shaka with a mutrala action. Extrapolated, not cited.",sweet; bitter,guru; snigdha,cooling,sweet,V-1 P-2 K+0,kidney_disease; acidity; pcos,,no,,,,
Chia Seeds,chia_seeds,nut_seed,raw,"No nighantu entry — a New World seed. Reasoned from Atasi for its picchila swelling in water, but shita rather than ushna: it lacks the heat Atasi is cautioned for. Extrapolated, not cited.",sweet; astringent,guru; picchila; snigdha,cooling,sweet,V-1 P-1 K+0,constipation; high_cholesterol; diabetes; acidity,,no,,,,
Quinoa,quinoa,grain,cooked,"No classical entry. Reasoned from the Kudhanya (minor millet) group as a laghu, ruksha, madhura-kashaya grain — nearest to Shyamaka in guna. Extrapolated, not cited.",sweet; astringent,laghu; ruksha,cooling,sweet,V+0 P-1 K-1,diabetes; obesity; high_cholesterol; pcos,,no,,,,
Strawberry,strawberry,fruit,ripe,"No nighantu entry. Reasoned from the Amradi Phala Varga as a light, madhura-amla, shita fruit. Extrapolated, not cited.",sweet; sour,laghu; snigdha,cooling,sour,V-1 P-1 K+0,acidity; high_cholesterol,,no,,,,
Zucchini,zucchini,vegetable,cooked,"No nighantu entry. Reasoned from Koshataki and Alabu as a laghu, drava summer gourd. Extrapolated, not cited.",sweet,laghu; drava,cooling,sweet,V+0 P-1 K+0,obesity; acidity; kidney_disease,,no,,,,
