food,food_id,category,prep_state,rasa,guna,virya,vipaka,dosha_effect,prabhava,season_suitable,source,varga_or_reasoning,kcal_per_100g,nutrition_source,rasa_ok,guna_ok,virya_ok,vipaka_ok,dosha_ok,ritu_ok,vaidya_notes
Green Tea,green_tea,beverage,prepared,astringent; bitter,laghu; ruksha,heating,pungent,V+1 P+0 K-2,,vasanta; grishma; sharad,modern_extrapolated,"No classical entry for the prepared infusion. Reasoned from Kashaya Kalpana — a kashaya-tikta decoction, laghu and ruksha, Kapha-hara and Vata-vardhaka on repetition. Extrapolated, not cited.",1.0,usda,,,,,,,
Narikela Jala (Tender Coconut Water),coconut_water,beverage,prepared,sweet,laghu; snigdha,cooling,sweet,V-1 P-2 K+0,,grishma; sharad,bhavaprakasha,Amradi Phala,19.0,usda,,,,,,,
Nimbu Jala (Lemon Water),lemon_water,beverage,prepared,sour,laghu; ruksha,heating,sour,V-1 P+1 K-1,"Kapha-hara despite amla rasa, which raises Kapha by rule. Nimbu's laghu-ruksha guna and its deepana-lekhana action govern — the reason warm lemon water is the classical morning drink for Ama and not a Kapha-aggravating one.",shishira; vasanta; grishma; varsha; sharad; hemanta,bhavaprakasha,Amradi Phala,6.0,usda,,,,,,,
Shunthi Kwatha (Ginger Tea),ginger_tea,beverage,prepared,pungent,laghu; snigdha,heating,sweet,V-2 P+1 K-2,"Made from Shunthi, and carries its exception: madhura vipaka despite katu rasa, and vata-hara where the rasa alone would raise Vata.",shishira; hemanta; varsha,bhavaprakasha,Haritakyadi,3.0,authored_estimate,,,,,,,
Tulsi Tea,tulsi_tea,beverage,prepared,pungent; bitter,laghu; ruksha; tikshna,heating,pungent,V-1 P+1 K-2,"Hridya and Rasayana — Tulsi's specific action carries it past what its katu-tikta rasa alone would do, which is why it is given as a daily drink and Maricha is not.",shishira; hemanta; varsha; vasanta,bhavaprakasha,Pushpa,1.0,authored_estimate,,,,,,,
Cottage Cheese,cottage_cheese,dairy,prepared,sweet; sour,guru; snigdha,cooling,sweet,V-1 P+0 K+2,,shishira; hemanta; vasanta,modern_extrapolated,"No classical entry. Reasoned from Kilata (curdled milk solids), with an amla anurasa the acid-set curdling adds and less guru than paneer for its lower fat. Extrapolated, not cited.",98.0,usda,,,,,,,
Dadhi (Curd),curd_yogurt,dairy,prepared,sour; sweet,guru; snigdha; picchila,heating,sour,V-1 P+2 K+2,,shishira; hemanta,bhavaprakasha,Dugdha,61.0,usda,,,,,,,
Godugdha (Cow's Milk),milk_full_fat,dairy,prepared,sweet,guru; snigdha; manda; picchila,cooling,sweet,V-2 P-2 K+2,Ojas-vardhaka and Rasayana — the action that makes milk a therapy rather than a food (Charaka Sutrasthana 27).,shishira; vasanta; grishma; varsha; sharad; hemanta,bhavaprakasha,Dugdha,61.0,usda,,,,,,,
Goghrita (Cow's Ghee),ghee,dairy,prepared,sweet,guru; snigdha; mridu,cooling,sweet,V-2 P-2 K+1,Agni-deepana while being snigdha and guru — the classical exception that makes Ghrita the one fat given to a weak Agni rather than withheld from it (Charaka Sutrasthana 13). Ojas-vardhaka.,shishira; vasanta; grishma; varsha; sharad; hemanta,bhavaprakasha,Dugdha,900.0,usda,,,,,,,
Kilata (Paneer),paneer,dairy,prepared,sweet,guru; snigdha; picchila,cooling,sweet,V-1 P-1 K+2,,shishira; hemanta; vasanta,bhavaprakasha,Dugdha,265.0,usda,,,,,,,
Lassi (Sweetened Takra),lassi,dairy,prepared,sweet; sour,guru; snigdha,cooling,sweet,V-1 P-1 K+2,"Sweetening and thickening reverse Takra's action: sweet Lassi is guru and Kapha-vardhaka where the Takra it is made from is laghu and Kapha-hara. The preparation, not the milk, decides.",grishma; sharad,bhavaprakasha,Dugdha,110.0,authored_estimate,,,,,,,
Mastu (Whey),whey,dairy,prepared,sour; astringent,laghu; ruksha,heating,sour,V-1 P+0 K-1,"Srotoshodhaka — it clears the channels, which is why the watery part of curd is given where curd itself blocks them.",shishira; vasanta; grishma; varsha; sharad; hemanta,bhavaprakasha,Dugdha,27.0,usda,,,,,,,
Navanita (Fresh Butter),butter,dairy,prepared,sweet; astringent,guru; snigdha; mridu,cooling,sweet,V-2 P-1 K+1,"Fresh Navanita is deepana and grahi where aged butter is neither — the classical distinction, and why it is given in Arsha and Grahani.",shishira; hemanta,bhavaprakasha,Dugdha,717.0,usda,,,,,,,
Santanika (Cream),cream,dairy,prepared,sweet,guru; snigdha; picchila,cooling,sweet,V-2 P-1 K+2,,shishira; hemanta,bhavaprakasha,Dugdha,340.0,usda,,,,,,,
Takra (Buttermilk),buttermilk_chaas,dairy,prepared,sour; astringent,laghu; ruksha,heating,sour,V-1 P+0 K-1,"Grahi and deepana — the classical Grahani medicine, and the reason Takra is prescribed where Dadhi, made from the same milk, is withheld (Charaka Chikitsa 15).",shishira; vasanta; grishma; varsha; sharad; hemanta,bhavaprakasha,Dugdha,40.0,usda,,,,,,,
Amalaki (Amla),amla,fruit,ripe,sour; astringent; sweet,laghu; ruksha,cooling,sweet,V-1 P-2 K-1,Amla rasa with shita virya and madhura vipaka — the combination is unique to Amalaki and is why the one sour fruit in the pharmacopoeia is given freely in Pitta. Rasayana and tridoshaghna.,sharad; hemanta; shishira,bhavaprakasha,Amradi Phala,44.0,usda,,,,,,,
Amra (Mango),mango,fruit,ripe,sweet,guru; snigdha,heating,sweet,V-2 P+1 K+2,"Ripe Amra is Vrishya and Balya, and ushna despite a purely madhura rasa — the reason it is a summer fruit that nonetheless aggravates Pitta in quantity.",grishma,bhavaprakasha,Amradi Phala,60.0,usda,,,,,,,
Anjeera (Figs),figs,fruit,ripe,sweet,guru; snigdha,cooling,sweet,V-1 P-1 K+1,,varsha; sharad,bhavaprakasha,Amradi Phala,74.0,usda,,,,,,,
Chikoo (Sapota),chikoo_sapota,fruit,ripe,sweet,guru; snigdha,cooling,sweet,V-1 P-1 K+2,,grishma; varsha,modern_extrapolated,"No nighantu entry — sapota reaches India from the New World in the colonial period. Reasoned from the Amradi Phala Varga as a madhura, guru, shita fruit, nearest to Kharjura in guna. Extrapolated, not cited.",83.0,usda,,,,,,,
Dadima (Pomegranate),pomegranate,fruit,ripe,sweet; sour; astringent,laghu; snigdha,cooling,sweet,V-1 P-1 K-1,"Tridoshaghna and Hridya — the sweet Dadima is one of the few fruits the texts give to all three Doshas, and the one prescribed in Grahani and in convalescence.",sharad; hemanta,bhavaprakasha,Amradi Phala,83.0,usda,,,,,,,
Draksha (Grapes),grapes,fruit,ripe,sweet,guru; snigdha; mridu,cooling,sweet,V-2 P-2 K+1,"Phalottama — the texts call Draksha the best of fruits and give it in all three Doshas, which no other madhura, guru fruit here earns.",sharad; hemanta,bhavaprakasha,Amradi Phala,69.0,usda,,,,,,,
Eranda-karkati (Papaya),papaya,fruit,ripe,sweet,guru; tikshna,heating,pungent,V-1 P+1 K-1,Deepana and Bhedana — the digestive and purgative action that makes papaya a medicine for a sluggish gut and a uterine stimulant in pregnancy. Both come from the same Prabhava.,varsha; sharad,bhavaprakasha,Amradi Phala,43.0,usda,,,,,,,
Jambu (Jamun),jamun,fruit,ripe,astringent; sour; sweet,laghu; ruksha,cooling,pungent,V+2 P-1 K-2,"The classical Prameha fruit — Jambu's Kapha-Meda reducing action is the one the texts single it out for, and the seed is used where the fruit is not.",grishma; varsha,bhavaprakasha,Amradi Phala,60.0,ifct2017,,,,,,,
Kadali (Banana),banana,fruit,ripe,sweet; astringent,guru; snigdha; picchila,cooling,sour,V-1 P+0 K+2,"Amla vipaka against a madhura-kashaya rasa — the classical exception for Kadali, and the reason banana with milk is named Viruddha.",grishma; sharad,bhavaprakasha,Amradi Phala,89.0,usda,,,,,,,
Kalinga (Watermelon),watermelon,fruit,ripe,sweet,guru; snigdha; drava,cooling,sweet,V+1 P-2 K+1,"Mutrala — the diuretic action is why Kalinga is given in Grishma and in urinary heat, and why it is not simply a heavy sweet fruit.",grishma,bhavaprakasha,Amradi Phala,30.0,usda,,,,,,,
Kharjura (Dates),dates,fruit,ripe,sweet,guru; snigdha; mridu,cooling,sweet,V-2 P-2 K+2,"Brimhana and Balya — Kharjura is the classical convalescent fruit, given to rebuild after depletion where its guru guna would otherwise argue against it.",shishira; hemanta,bhavaprakasha,Amradi Phala,277.0,usda,,,,,,,
Kiwi,kiwi,fruit,ripe,sweet; sour,laghu; snigdha,cooling,sour,V-1 P+0 K+0,,hemanta; shishira,modern_extrapolated,"No nighantu entry. Reasoned from the Amradi Phala Varga as a madhura-amla, laghu, shita fruit — nearest to Nagaranga in action, milder in its Kapha effect. Extrapolated, not cited.",61.0,usda,,,,,,,
Mosambi (Sweet Lime),mosambi_sweet_lime,fruit,ripe,sweet; sour,laghu; snigdha,cooling,sweet,V-1 P-1 K+1,,grishma; sharad,bhavaprakasha,Amradi Phala,43.0,authored_estimate,,,,,,,
Nagaranga (Orange),orange,fruit,ripe,sweet; sour,laghu; snigdha,cooling,sweet,V-1 P+0 K+1,,hemanta; shishira,bhavaprakasha,Amradi Phala,47.0,usda,,,,,,,
Narikela (Fresh Coconut),coconut,fruit,ripe,sweet,guru; snigdha,cooling,sweet,V-1 P-2 K+2,,grishma; sharad,bhavaprakasha,Amradi Phala,354.0,usda,,,,,,,
Nashpati (Pear),pear,fruit,ripe,sweet; astringent,guru; ruksha,cooling,sweet,V+1 P-1 K+0,,sharad; hemanta,bhavaprakasha,Amradi Phala,57.0,usda,,,,,,,
Perukam (Guava),guava,fruit,ripe,sweet; sour; astringent,guru; ruksha,cooling,sweet,V+1 P-1 K-1,,hemanta; shishira,bhavaprakasha,Amradi Phala,68.0,usda,,,,,,,
Pineapple,pineapple,fruit,ripe,sweet; sour,guru; tikshna,heating,sour,V-1 P+1 K-1,,grishma; varsha,modern_extrapolated,"No nighantu entry — a New World fruit. Reasoned as madhura-amla, tikshna and ushna; the pregnancy caution is the one folk and modern sources agree on and matches papaya's Bhedana action. Extrapolated, not cited.",50.0,usda,,,,,,,
"Seva (Apple, Raw)",apple,fruit,raw,sweet; astringent,guru; ruksha,cooling,sweet,V+1 P-1 K+0,,sharad; hemanta,bhavaprakasha,Amradi Phala,52.0,usda,,,,,,,
Strawberry,strawberry,fruit,ripe,sweet; sour,laghu; snigdha,cooling,sour,V-1 P-1 K+0,,vasanta; grishma,modern_extrapolated,"No nighantu entry. Reasoned from the Amradi Phala Varga as a light, madhura-amla, shita fruit. Extrapolated, not cited.",32.0,usda,,,,,,,
Bajra (Pearl Millet),millet_bajra,grain,cooked,sweet; astringent,laghu; ruksha,heating,pungent,V+1 P+1 K-2,"Ushna virya and Pitta-vardhaka against a madhura-kashaya rasa that would pacify Pitta by rule — the classical caution on Bajra, and why it is a winter grain and not a summer one.",shishira; hemanta,bhavaprakasha,Kudhanya,119.0,usda,,,,,,,
Brown Rice,brown_rice,grain,cooked,sweet; astringent,guru; ruksha,cooling,sweet,V+1 P-1 K+0,,sharad; hemanta,bhavaprakasha,"Dhanya — Shali, unpolished",111.0,usda,,,,,,,
Daliya (Broken Wheat),daliya,grain,cooked,sweet,laghu; snigdha,cooling,sweet,V-1 P-1 K+1,,shishira; hemanta; vasanta,bhavaprakasha,"Dhanya — Godhuma, broken",83.0,usda,,,,,,,
Godhuma (Whole Wheat Roti),roti_whole_wheat,grain,cooked,sweet,guru; snigdha; sthira,cooling,sweet,V-2 P-1 K+2,"Brimhana and Jivana — wheat builds tissue, which is the action that makes it Vata's staple and Kapha's burden at the same time.",shishira; hemanta; vasanta,bhavaprakasha,Dhanya,297.0,usda,,,,,,,
Jowar (Sorghum),millet_jowar,grain,cooked,sweet; astringent,laghu; ruksha,cooling,pungent,V+1 P-1 K-2,,grishma; sharad,bhavaprakasha,Kudhanya,115.0,authored_estimate,,,,,,,
Kuttu (Buckwheat),buckwheat,grain,cooked,sweet; astringent,laghu; ruksha,heating,pungent,V+1 P+1 K-1,Ushna virya and Pitta-vardhaka against a rasa that would pacify Pitta — the reason Kuttu is a Vrata grain for cold months and sits badly in Grishma.,shishira; hemanta,modern_extrapolated,"No nighantu entry; a Vrata food of later usage. Reasoned as a laghu, ruksha, ushna Kudhanya — its Pitta caution is the one folk practice and Unani sources agree on. Extrapolated, not cited.",92.0,usda,,,,,,,
Makka (Sweet Corn),corn,grain,cooked,sweet; astringent,guru; ruksha,heating,pungent,V+1 P+1 K-1,"Ushna despite madhura rasa, and guru while ruksha — the combination that makes Makka hard on Vata and on a weak Agni both.",varsha; sharad,bhavaprakasha,Kudhanya,96.0,usda,,,,,,,
Oats Porridge,oats,grain,cooked,sweet; astringent,guru; picchila; snigdha,cooling,sweet,V-1 P-1 K+1,,shishira; hemanta,modern_extrapolated,"No classical entry. Reasoned from Yava Varga — but unlike Yava it is picchila and not Medohara, because the sliminess that makes oats cholesterol-lowering is the opposite of Yava's ruksha, sara quality. Extrapolated, not cited.",71.0,usda,,,,,,,
Paratha,paratha,grain,cooked,sweet,guru; snigdha; sthira,heating,sweet,V-2 P+1 K+2,"Pitta-vardhaka against a madhura rasa that pacifies Pitta by rule. The preparation decides: sneha taken to griddle heat turns the virya ushna, which is Vidahi — the same reason fried food is the first Apathya named in Amlapitta.",shishira; hemanta,modern_extrapolated,"A preparation, not a dravya. Reasoned from Godhuma cooked in sneha: the wheat's guru-snigdha guna intensified and the virya turned ushna by the ghee and the griddle. Extrapolated, not cited.",320.0,authored_estimate,,,,,,,
"Prithuka (Poha, Cooked)",poha,grain,cooked,sweet,laghu; picchila,cooling,sweet,V-1 P-1 K+1,,vasanta; grishma; sharad,bhavaprakasha,Dhanya,130.0,authored_estimate,,,,,,,
"Prithuka (Rice Flakes, Dry)",rice_flakes,grain,dry,sweet,guru; picchila,cooling,sweet,V-1 P-1 K+2,"Prithuka is guru and Kapha-vardhaka in Bhavaprakasha despite coming from laghu Shali — the flattening and drying change the dravya, so the dry flake and the cooked dish do not share a guna.",vasanta; grishma,bhavaprakasha,Dhanya,346.0,usda,,,,,,,
Quinoa,quinoa,grain,cooked,sweet; astringent,laghu; ruksha,cooling,sweet,V+0 P-1 K-1,,grishma; sharad; vasanta,modern_extrapolated,"No classical entry. Reasoned from the Kudhanya (minor millet) group as a laghu, ruksha, madhura-kashaya grain — nearest to Shyamaka in guna. Extrapolated, not cited.",120.0,usda,,,,,,,
Ramdana (Amaranth),amaranth,grain,cooked,sweet; astringent,laghu; ruksha,cooling,sweet,V+0 P-1 K-1,,grishma; sharad,bhavaprakasha,Kudhanya,102.0,usda,,,,,,,
Rava (Semolina),semolina_rava,grain,cooked,sweet,guru; picchila,cooling,sweet,V-1 P-1 K+2,,shishira; hemanta,bhavaprakasha,"Dhanya — Godhuma, milled",100.0,authored_estimate,,,,,,,
Sabudana (Tapioca Pearls),sabudana,grain,cooked,sweet,guru; picchila; sthira,cooling,sweet,V-1 P-1 K+2,,grishma; sharad,modern_extrapolated,"No nighantu entry — tapioca is a New World root and reaches India long after the texts. Reasoned as pure madhura starch: guru, picchila, Kapha-vardhaka, and nutritionally near-empty besides carbohydrate. Extrapolated, not cited.",130.0,authored_estimate,,,,,,,
Shali (Basmati Rice),basmati_rice,grain,cooked,sweet,laghu; snigdha; mridu,cooling,sweet,V-1 P-1 K+1,"Purana Shali — aged rice — is laghu where new rice is guru, which is why the texts specify the age.",grishma; sharad; varsha,bhavaprakasha,Dhanya,130.0,usda,,,,,,,
Upma,upma,grain,cooked,sweet,guru; snigdha,heating,sweet,V-1 P+0 K+1,,shishira; hemanta; varsha,modern_extrapolated,"A preparation, not a dravya. Reasoned from Godhuma sooji with a ushna tadka — the semolina's guru guna, warmed and lightened by the spices. Extrapolated, not cited.",145.0,authored_estimate,,,,,,,
White Rice,white_rice,grain,cooked,sweet,laghu; picchila,cooling,sweet,V-1 P-1 K+2,,grishma; sharad,bhavaprakasha,Dhanya,130.0,usda,,,,,,,
Whole Wheat Bread,bread_whole_wheat,grain,fermented,sweet; sour,guru; ruksha; sthira,heating,sour,V+1 P+1 K+2,"Vata-vardhaka against a madhura-amla rasa that pacifies Vata by rule. Yeast fermentation makes the loaf ruksha and khara where the wheat was snigdha, and Vata follows the guna here rather than the rasa — the same reason dry, aerated food is withheld in Vata disorders.",shishira; hemanta,modern_extrapolated,"No classical entry. Reasoned from Godhuma taken through yeast fermentation: amla rasa and amla vipaka arrive with the souring, and with them the Amavata and Kushtha bars that attach to fermented food. Extrapolated, not cited.",247.0,usda,,,,,,,
Yava (Barley),barley,grain,cooked,sweet; astringent,laghu; ruksha; chala,cooling,pungent,V+1 P-1 K-2,"Medohara and Kapha-hara despite madhura rasa — the textbook Prabhava, and the reason Yava is the grain prescribed in Sthaulya and Prameha while Shali is withheld.",vasanta; grishma; sharad,bhavaprakasha,Dhanya,123.0,usda,,,,,,,
Adhaki (Toor Dal),toor_dal,legume,cooked,sweet; astringent,laghu; ruksha,cooling,pungent,V+1 P-1 K-1,,grishma; sharad; hemanta,bhavaprakasha,Shimbi Dhanya,121.0,usda,,,,,,,
Black Beans,black_beans,legume,cooked,sweet; astringent,guru; ruksha,cooling,pungent,V+2 P+0 K-1,,hemanta; shishira,modern_extrapolated,"No nighantu entry — a New World crop. Reasoned from the Shimbi Varga as guru, ruksha and Vata-vardhaka. Extrapolated, not cited.",132.0,usda,,,,,,,
Chanaka (Chana Dal),chana_dal,legume,cooked,sweet; astringent,laghu; ruksha,cooling,pungent,V+2 P-1 K-1,,hemanta; shishira,bhavaprakasha,Shimbi Dhanya,164.0,usda,,,,,,,
Chanaka (Kabuli Chana),chhole,legume,cooked,sweet; astringent,guru; ruksha,cooling,pungent,V+2 P-1 K-1,,hemanta; shishira,bhavaprakasha,Shimbi Dhanya,164.0,usda,,,,,,,
Chanaka Churna (Besan),chickpea_flour_besan,legume,dry,sweet; astringent,laghu; ruksha,cooling,pungent,V+2 P-1 K-1,,hemanta; shishira; vasanta,bhavaprakasha,Shimbi Dhanya,387.0,usda,,,,,,,
Edamame,edamame,legume,cooked,sweet; astringent,guru; ruksha,cooling,pungent,V+1 P-1 K+0,,grishma; sharad,modern_extrapolated,"No nighantu entry — the green soybean. Reasoned from the Shimbi Varga; lighter than the dried bean because it is eaten immature. Extrapolated, not cited.",121.0,usda,,,,,,,
Kalaya (Green Peas),green_peas,legume,cooked,sweet; astringent,guru; ruksha,cooling,pungent,V+2 P-1 K-1,,shishira; hemanta; vasanta,bhavaprakasha,Shimbi Dhanya,84.0,usda,,,,,,,
Kidney Beans,kidney_beans,legume,cooked,sweet; astringent,guru; ruksha; sthira,cooling,pungent,V+2 P-1 K-1,,hemanta; shishira,modern_extrapolated,"No classical entry. Reasoned from the Shimbi Varga as a guru, ruksha, kashaya-madhura legume. Extrapolated, not cited.",127.0,usda,,,,,,,
Mandapi (Peanuts),peanuts,legume,raw,sweet; astringent,guru; snigdha,heating,sweet,V-1 P+2 K+2,"Ushna and Vidahi against a madhura rasa — the peanut heats and burns where its rasa says it should cool, which is the classical caution and the reason it is withheld in Amlapitta and Kushtha.",shishira; hemanta,bhavaprakasha,"Shimbi Dhanya — Mandapi, a later addition to the varga",567.0,usda,,,,,,,
Masha (Urad Dal),urad_dal,legume,cooked,sweet,guru; snigdha; picchila,heating,sweet,V-2 P+2 K+2,"Ushna virya and Pitta-vardhaka against a madhura rasa that pacifies Pitta by rule — Masha is Balya and Vrishya, the strength-building legume, and the pole opposite Mudga in this varga. It is the black gram named first in the Amavata Apathya.",shishira; hemanta,bhavaprakasha,Shimbi Dhanya,118.0,usda,,,,,,,
Masura (Masoor Dal),masoor_dal,legume,cooked,sweet; astringent,laghu; ruksha,heating,pungent,V+1 P+0 K-1,"Grahi — it binds the stool, which is why Masura is given in loose motions and is the legume withheld in constipation.",shishira; hemanta; varsha,bhavaprakasha,Shimbi Dhanya,116.0,usda,,,,,,,
Masura (Whole Brown Lentil),lentils_brown,legume,cooked,sweet; astringent,guru; ruksha,heating,pungent,V+2 P+0 K-1,,shishira; hemanta,bhavaprakasha,Shimbi Dhanya,116.0,usda,,,,,,,
Mudga (Sprouted Moong),sprouted_moong,legume,sprouted,sweet; astringent,laghu; ruksha; chala,cooling,pungent,V+2 P-1 K-1,,vasanta; grishma,bhavaprakasha,Shimbi Dhanya,30.0,usda,,,,,,,
Mudga (Whole Green Gram),moong_dal_green,legume,cooked,sweet; astringent,laghu; ruksha,cooling,pungent,V+1 P-1 K-1,,grishma; sharad,bhavaprakasha,Shimbi Dhanya,105.0,usda,,,,,,,
Mudga (Yellow Moong Dal),moong_dal_yellow,legume,cooked,sweet; astringent,laghu; ruksha,cooling,pungent,V+0 P-1 K-1,"Shreshtha among the Shimbi — the one legume the texts call tridoshaghna and prescribe in fever, in convalescence and to a weak Agni, where every other legume in this varga is withheld.",grishma; sharad; varsha,bhavaprakasha,Shimbi Dhanya,105.0,usda,,,,,,,
Rajamasha (Black-Eyed Peas),black_eyed_peas,legume,cooked,sweet; astringent,guru; ruksha,cooling,pungent,V+2 P-1 K-1,,varsha; sharad,bhavaprakasha,Shimbi Dhanya,116.0,usda,,,,,,,
Rajma (Kidney Beans),rajma,legume,cooked,sweet; astringent,guru; ruksha; sthira,cooling,pungent,V+2 P-1 K-1,,hemanta; shishira,modern_extrapolated,"No nighantu entry — the kidney bean is a New World crop. Reasoned from the Shimbi Varga at its guru, ruksha, Vata-vardhaka end, which is where its reputation for flatulence puts it. Extrapolated, not cited.",127.0,usda,,,,,,,
Soya Chunks,soya_chunks,legume,cooked,sweet; astringent,guru; ruksha,cooling,pungent,V+2 P+0 K+0,,hemanta; shishira,modern_extrapolated,"No nighantu entry, and the defatted extrusion has no dravya analogue at all. Reasoned from the Shimbi Varga as guru and ruksha; the thyroid caution is modern and does not come from the texts. Extrapolated, not cited.",105.0,authored_estimate,,,,,,,
Tempeh,tempeh,legume,fermented,sweet; astringent,guru; ruksha,heating,pungent,V+1 P+1 K+0,,hemanta; shishira,modern_extrapolated,"No nighantu entry. Reasoned as a Shimbi taken through mould fermentation: ushna virya and katu vipaka arrive with it, and with them the Amavata and Kushtha bars that attach to fermented food. Extrapolated, not cited.",192.0,usda,,,,,,,
Tofu (Firm),tofu_firm,legume,prepared,sweet; astringent,guru; picchila,cooling,sweet,V+1 P-1 K+1,,grishma; sharad,modern_extrapolated,"No classical entry. Reasoned from the Shimbi Varga curdled as Kilata is. Extrapolated, not cited.",76.0,usda,,,,,,,
Akshota (Walnuts),walnuts,nut_seed,raw,sweet; astringent,guru; snigdha,heating,sweet,V-2 P+1 K+1,,shishira; hemanta,bhavaprakasha,Vatadi,654.0,usda,,,,,,,
Atasi (Flax Seeds),flax_seeds,nut_seed,raw,sweet; astringent,guru; snigdha; picchila,heating,pungent,V-2 P+1 K+0,"Ushna virya and katu vipaka against a madhura-kashaya rasa — the classical caution on Atasi, and why it is a Vata-Kapha seed rather than a cooling one.",shishira; hemanta,bhavaprakasha,Uma — Atasi,534.0,usda,,,,,,,
Badama (Almonds),almonds,nut_seed,raw,sweet,guru; snigdha,heating,sweet,V-2 P+1 K+2,"Medhya, Balya and Vrishya — the actions that make Badama a Rasayana rather than a fat, and the reason it is soaked and peeled before use.",shishira; hemanta; vasanta,bhavaprakasha,Vatadi,579.0,usda,,,,,,,
Chia Seeds,chia_seeds,nut_seed,raw,sweet; astringent,guru; picchila; snigdha,cooling,sweet,V-1 P-1 K+0,,grishma; sharad,modern_extrapolated,"No nighantu entry — a New World seed. Reasoned from Atasi for its picchila swelling in water, but shita rather than ushna: it lacks the heat Atasi is cautioned for. Extrapolated, not cited.",486.0,usda,,,,,,,
Chilgoza (Pine Nuts),pine_nuts,nut_seed,raw,sweet,guru; snigdha,heating,sweet,V-2 P+1 K+1,,shishira; hemanta,bhavaprakasha,Vatadi,673.0,usda,,,,,,,
Hemp Seeds,hemp_seeds,nut_seed,raw,sweet; astringent,guru; snigdha,heating,sweet,V-1 P+1 K+1,,shishira; hemanta,modern_extrapolated,"The plant is Vijaya in the nighantus but the hulled seed is a modern food and carries none of Vijaya's action. Reasoned from the Vatadi Varga as a guru, snigdha, ushna oilseed. Extrapolated, not cited.",553.0,usda,,,,,,,
Kaju (Cashews),cashews,nut_seed,raw,sweet,guru; snigdha,heating,sweet,V-2 P+2 K+2,The one sweet nut the texts warn against in Pitta — Kaju is ushna and Vidahi where its madhura rasa says it should cool.,shishira; hemanta,bhavaprakasha,Vatadi,553.0,usda,,,,,,,
Kalinga Bija (Watermelon Seeds),watermelon_seeds,nut_seed,raw,sweet,guru; snigdha,cooling,sweet,V-1 P-1 K+1,,grishma; sharad,bhavaprakasha,Chatur Bija,557.0,usda,,,,,,,
Kharbuja Bija (Melon Seeds / Magaz),melon_seeds_magaz,nut_seed,raw,sweet,guru; snigdha,cooling,sweet,V-1 P-2 K+1,"Mutrala and Pittahara — one of the Chatur Bija, given for urinary heat where its guru-snigdha guna alone would suggest otherwise.",grishma; sharad,bhavaprakasha,Chatur Bija,557.0,authored_estimate,,,,,,,
Kushmanda Bija (Pumpkin Seeds),pumpkin_seeds,nut_seed,raw,sweet,guru; snigdha,cooling,sweet,V-1 P-1 K+1,"Krimighna and Mutrala — the anthelmintic and diuretic actions the texts give Kushmanda seed, neither of which follows from its rasa.",grishma; sharad,bhavaprakasha,"Shaka — Kushmanda, seed",559.0,usda,,,,,,,
Mandapi (Roasted Peanuts),peanuts_roasted,nut_seed,roasted,sweet; astringent,guru; ruksha; tikshna,heating,sweet,V-1 P+2 K+1,"Roasting turns Mandapi ruksha and more Vidahi than the raw seed — the same dravya, a sharper one, and the reason roasted peanuts sit worse in Amlapitta than boiled ones.",shishira; hemanta,bhavaprakasha,"Shimbi Dhanya — Mandapi, roasted",587.0,usda,,,,,,,
Padmabija (Makhana / Fox Nuts),fox_nuts_makhana,nut_seed,roasted,sweet; astringent,guru; snigdha; sthira,cooling,sweet,V-1 P-1 K+1,"Garbhasthapana and Vrishya — Makhana is the one nut given freely in pregnancy, which is why it is here and Kaju is not.",grishma; sharad; varsha,bhavaprakasha,Padma — bija,347.0,ifct2017,,,,,,,
Pistachios,pistachios,nut_seed,raw,sweet,guru; snigdha,heating,sweet,V-2 P+1 K+2,,shishira; hemanta,bhavaprakasha,Vatadi,560.0,usda,,,,,,,
Sunflower Seeds,sunflower_seeds,nut_seed,raw,sweet,guru; snigdha,heating,sweet,V-1 P+1 K+1,,shishira; hemanta,modern_extrapolated,"No nighantu entry — a New World seed. Reasoned from the Vatadi Varga as a guru, snigdha, ushna oilseed, nearest to Tila in guna but without its tikta rasa. Extrapolated, not cited.",584.0,usda,,,,,,,
Tila (Sesame Seeds),sesame_seeds_til,nut_seed,raw,sweet; bitter; astringent,guru; snigdha,heating,pungent,V-2 P+1 K+1,"Balya and Vata-hara, and the Kushtha caution that comes with it — Tila with milk is named Viruddha in the Kushtha Nidana (Charaka Chikitsa 7).",shishira; hemanta,bhavaprakasha,Uma — Tila,573.0,usda,,,,,,,
Goghrita (Cow's Ghee),ghee_oil,oil,prepared,sweet,guru; snigdha; mridu,cooling,sweet,V-2 P-2 K+1,"Agni-deepana while being snigdha and guru — the classical exception that makes Ghrita the one fat given to a weak Agni rather than withheld from it (Charaka Sutrasthana 13). Vata-Pitta hara, Ojas-vardhaka.",shishira; vasanta; grishma; varsha; sharad; hemanta,bhavaprakasha,Taila,900.0,usda,,,,,,,
Narikela Taila (Coconut Oil),coconut_oil,oil,prepared,sweet,guru; snigdha; manda,cooling,sweet,V-1 P-2 K+1,,grishma; sharad,bhavaprakasha,Taila,862.0,usda,,,,,,,
Olive Oil,olive_oil,oil,prepared,sweet; astringent,guru; snigdha,cooling,sweet,V-1 P-1 K+1,,grishma; sharad,modern_extrapolated,"No classical entry. Reasoned from Taila Varga as a madhura-kashaya sneha of shita virya — nearest to Narikela Taila in guna, milder in its Kapha effect. Extrapolated, not cited.",884.0,usda,,,,,,,
Sarshapa Taila (Mustard Oil),mustard_oil,oil,prepared,pungent; bitter,laghu; snigdha; tikshna,heating,pungent,V-1 P+2 K-2,"Vata-hara despite katu-tikta rasa: it is a sneha, and the oleating quality reaches Vata where the rasa alone would raise it. Classically kapha-vata hara and decidedly Pitta-vardhaka.",shishira; hemanta; vasanta,bhavaprakasha,Taila,884.0,usda,,,,,,,
Tila Taila (Sesame Oil),sesame_oil,oil,prepared,sweet; bitter; astringent,guru; snigdha; tikshna,heating,pungent,V-2 P+1 K+1,"Pitta-vardhaka despite a rasa set that is entirely Pitta-pacifying — the ushna virya governs here, which is why Tila Taila is the Vata oil and not the Pitta one.",shishira; hemanta; varsha,bhavaprakasha,Taila,884.0,usda,,,,,,,
Dhanyaka (Coriander Seed),coriander_dhania,spice,prepared,astringent; bitter; sweet,laghu; snigdha,heating,sweet,V-1 P-1 K-1,"Tridoshaghna, and Pitta-shamaka in effect despite ushna virya — the action the texts attribute to Dhanyaka specifically, which is why it is the one warm spice given freely in Pitta conditions.",shishira; vasanta; grishma; varsha; sharad; hemanta,bhavaprakasha,Haritakyadi,298.0,usda,,,,,,,
Ela (Green Cardamom),cardamom_elaichi,spice,prepared,pungent; sweet,laghu; ruksha,cooling,sweet,V-1 P-1 K-1,Shita virya despite katu rasa — the classical exception that makes Ela the aromatic given in Pitta conditions where Maricha and Twak are barred.,shishira; vasanta; grishma; varsha; sharad; hemanta,bhavaprakasha,Karpuradi,311.0,usda,,,,,,,
Haridra (Turmeric),turmeric,spice,prepared,bitter; pungent,ruksha; laghu,heating,pungent,V+0 P-1 K-2,,shishira; vasanta; grishma; varsha; sharad; hemanta,bhavaprakasha,Haritakyadi,312.0,usda,,,,,,,
Jiraka (Cumin),cumin_jeera,spice,prepared,pungent,laghu; ruksha,heating,pungent,V-1 P+1 K-2,"Vata-anulomana. Katu rasa raises Vata by rule; Jiraka relieves it, by kindling Agni and clearing the Anaha through which Vata accumulates. Classically vata-kapha hara.",shishira; vasanta; grishma; varsha; sharad; hemanta,bhavaprakasha,Haritakyadi,375.0,usda,,,,,,,
Maricha (Black Pepper),black_pepper,spice,prepared,pungent,laghu; tikshna; ruksha,heating,pungent,V-1 P+2 K-2,"Vata-kapha hara at culinary dose, where the deepana action dominates the Vata-raising tendency of katu rasa. In quantity the rasa wins — which is why Maricha is classically a pinch and not a spoon.",shishira; hemanta; vasanta; varsha,bhavaprakasha,Haritakyadi,251.0,usda,,,,,,,
Methika (Fenugreek Seed),fenugreek_seeds_methi,spice,prepared,bitter; pungent,laghu; snigdha,heating,pungent,V-1 P+1 K-2,Vata-kapha hara — the snigdha guna offsets the ruksha tendency its tikta-katu rasa would otherwise carry into Vata.,shishira; hemanta; vasanta,bhavaprakasha,Haritakyadi,323.0,usda,,,,,,,
Mishreya (Fennel),fennel_saunf,spice,prepared,sweet; bitter; pungent,laghu; snigdha,heating,sweet,V-1 P-1 K+0,,shishira; vasanta; grishma; varsha; sharad; hemanta,bhavaprakasha,Haritakyadi,345.0,usda,,,,,,,
Shunthi (Dry Ginger),ginger_dry_saunth,spice,prepared,pungent,laghu; snigdha,heating,sweet,V-2 P+1 K-2,"Madhura vipaka despite katu rasa — the classical exception for Shunthi, and the reason dry ginger nourishes where fresh Ardraka only stimulates. The same action makes it vata-hara where katu rasa alone would raise Vata.",shishira; vasanta; grishma; varsha; sharad; hemanta,bhavaprakasha,Haritakyadi,335.0,usda,,,,,,,
Twak (Cinnamon),cinnamon_dalchini,spice,prepared,pungent; bitter; sweet,laghu; ruksha; tikshna,heating,pungent,V-1 P+1 K-2,,shishira; hemanta; vasanta; varsha,bhavaprakasha,Karpuradi,247.0,usda,,,,,,,
Yavani (Ajwain),ajwain,spice,prepared,pungent; bitter,laghu; ruksha; tikshna,heating,pungent,V-2 P+1 K-2,Vata-anulomana and shula-prashamana — the classical carminative. It clears the Anaha through which its own katu-tikta rasa would aggravate Vata.,shishira; vasanta; grishma; varsha; sharad; hemanta,bhavaprakasha,Haritakyadi,305.0,ifct2017,,,,,,,
Almond Milk,almond_milk,vegan_protein,prepared,sweet,laghu; snigdha,cooling,sweet,V-1 P-1 K+1,,grishma; sharad; vasanta,modern_extrapolated,"No classical entry. Reasoned from Badama (Vatadi), diluted roughly ten to one — the madhura rasa and snigdha guna survive, the guru quality does not. Extrapolated, not cited.",15.0,usda,,,,,,,
Cashew Cream,cashew_cream,vegan_protein,prepared,sweet,guru; snigdha,heating,sweet,V-2 P+1 K+2,"Pitta-vardhaka despite madhura rasa — Kaju is ushna virya, the one sweet nut the texts warn against in Pitta, and blending it into a cream concentrates rather than tempers that.",shishira; hemanta,modern_extrapolated,"No classical entry for the preparation. Reasoned from Kaju (Vatadi Varga) wet-ground — its ushna virya and Pitta action carry over undiluted. Extrapolated, not cited.",250.0,authored_estimate,,,,,,,
Coconut Cream,coconut_cream,vegan_protein,prepared,sweet,guru; snigdha; picchila,cooling,sweet,V-2 P-2 K+2,,grishma; sharad,bhavaprakasha,Amradi Phala,330.0,usda,,,,,,,
Coconut Yogurt,coconut_yogurt,vegan_protein,prepared,sweet; sour,guru; snigdha,heating,sour,V-1 P+1 K+1,,shishira; hemanta,modern_extrapolated,"No classical entry. Reasoned as Narikela Ksheera taken through the fermentation Dadhi undergoes — amla rasa and amla vipaka arrive with the souring, and the Amavata bar arrives with them. Extrapolated, not cited.",97.0,authored_estimate,,,,,,,
Flax Milk,flax_milk,vegan_protein,prepared,sweet; astringent,guru; snigdha; picchila,heating,pungent,V-1 P+1 K+0,"Atasi is ushna virya and katu vipaka against a madhura-kashaya rasa, and Pitta-vardhaka with it — the classical caution on flax, which is why it is a Vata-Kapha seed and not a cooling one. Cited for the seed; carried to the milk by extrapolation.",shishira; hemanta,modern_extrapolated,"No classical entry. Reasoned from Atasi (Uma Varga), which is ushna virya and katu vipaka despite a madhura-kashaya rasa — the Pitta caution is Atasi's own and survives the dilution. Extrapolated, not cited.",25.0,usda,,,,,,,
Narikela Ksheera (Coconut Milk),coconut_milk,vegan_protein,prepared,sweet,guru; snigdha,cooling,sweet,V-1 P-2 K+2,,grishma; sharad,bhavaprakasha,Amradi Phala,230.0,usda,,,,,,,
Nutritional Yeast,nutritional_yeast,vegan_protein,prepared,astringent; bitter,laghu; ruksha,heating,pungent,V+1 P+0 K-2,,varsha; sharad; hemanta,modern_extrapolated,"No classical entry. A dried fermented product with no dravya analogue; reasoned as kashaya-tikta, laghu and ruksha, Kapha-hara and Vata-vardhaka. The Amavata and psoriasis bars follow from its being fermented, which is Viruddha in Kushtha. Extrapolated, not cited.",385.0,usda,,,,,,,
Oat Milk,oat_milk,vegan_protein,prepared,sweet,guru; snigdha; picchila,cooling,sweet,V-1 P-1 K+2,,shishira; hemanta; vasanta,modern_extrapolated,"No classical entry. Reasoned from Yava Varga — a madhura, picchila grain extract; unlike Yava itself it is not Kapha-hara, because the milling and straining leave the sweet starch and discard the ruksha bran. Extrapolated, not cited.",43.0,usda,,,,,,,
Soy Milk,soy_milk,vegan_protein,prepared,sweet; astringent,guru; picchila,cooling,sweet,V+1 P-1 K+1,,grishma; sharad,modern_extrapolated,"No classical entry; the soybean itself is absent from the nighantus. Reasoned from the Shimbi (legume) Varga as a madhura-kashaya, guru, abhishyandi preparation — Vata-vardhaka by its flatulence, as legumes are. Extrapolated, not cited.",33.0,usda,,,,,,,
Tofu,vegan_paneer_tofu,vegan_protein,prepared,sweet; astringent,guru; picchila,cooling,sweet,V+1 P-1 K+1,,grishma; sharad,modern_extrapolated,"No classical entry. Reasoned from the Shimbi Varga curdled as Kilata is — guru and abhishyandi like paneer, but Vata-vardhaka where paneer is Vata-hara, because the legume's flatulence survives the curdling. Extrapolated, not cited.",76.0,usda,,,,,,,
Alabu (Bottle Gourd),bottle_gourd,vegetable,cooked,sweet,laghu; snigdha; drava,cooling,sweet,V+0 P-2 K-1,"Laghu and Mutrala where a madhura, snigdha dravya would be neither — which is why Alabu is the gourd given in fever, in convalescence and to a weak Agni.",grishma; varsha; sharad,bhavaprakasha,Shaka,14.0,usda,,,,,,,
Aluka (Potato),potato,vegetable,cooked,sweet,guru; ruksha,cooling,sweet,V+2 P-1 K+1,"Vata-vardhaka despite madhura rasa and against shita virya, which would raise Vata anyway — Aluka is Vatala in the texts, the standard caution on the tuber, and the reason it is cooked with ajwain.",varsha; sharad; hemanta,bhavaprakasha,Shaka,77.0,usda,,,,,,,
Amra (Raw Mango),raw_mango,vegetable,unripe,sour; astringent,laghu; ruksha,heating,sour,V+1 P+2 K-1,,grishma,bhavaprakasha,"Amradi Phala — Amra, unripe",60.0,usda,,,,,,,
Arbi (Colocasia),colocasia_arbi,vegetable,cooked,sweet; astringent,guru; picchila,cooling,sweet,V+2 P-1 K+2,,varsha; sharad,bhavaprakasha,Shaka,112.0,usda,,,,,,,
Ardraka (Fresh Ginger),ginger,vegetable,fresh,pungent,guru; snigdha; tikshna,heating,pungent,V-2 P+1 K-2,Ardraka is guru and snigdha with katu vipaka where dried Shunthi is laghu with madhura vipaka. Fresh and dry are two dravyas and the texts prescribe them differently — this row and `ginger_dry_saunth` are that distinction.,hemanta; shishira; varsha,bhavaprakasha,Haritakyadi — Ardraka,80.0,usda,,,,,,,
Asparagus,asparagus,vegetable,cooked,sweet; bitter,guru; snigdha,cooling,sweet,V-1 P-2 K+0,,vasanta; grishma,modern_extrapolated,"The garden asparagus is not Shatavari, though the genus is shared; the nighantu entry describes the root and this row is the shoot. Reasoned as a madhura-tikta, shita Shaka with a mutrala action. Extrapolated, not cited.",20.0,usda,,,,,,,
Broccoli,broccoli,vegetable,cooked,bitter; astringent,laghu; ruksha,cooling,pungent,V+2 P-1 K-1,,hemanta; shishira,modern_extrapolated,"No nighantu entry. Reasoned from the Shaka Varga at its tikta-kashaya, laghu, ruksha end alongside the other crucifers; the goitrogen caution is modern. Extrapolated, not cited.",35.0,usda,,,,,,,
Cabbage,cabbage,vegetable,cooked,astringent; sweet,laghu; ruksha,cooling,pungent,V+2 P-1 K-1,,hemanta; shishira,modern_extrapolated,"No nighantu entry. Reasoned with the other crucifers; strongly Vata-vardhaka. Extrapolated, not cited.",25.0,usda,,,,,,,
Cauliflower,cauliflower,vegetable,cooked,astringent; sweet,laghu; ruksha,cooling,pungent,V+2 P-1 K-1,,hemanta; shishira,modern_extrapolated,"No nighantu entry. Reasoned with the other crucifers as laghu, ruksha and markedly Vata-vardhaka — the flatulence is what the classical Shaka cautions describe. Extrapolated, not cited.",25.0,usda,,,,,,,
Eranda-karkati (Raw Papaya),raw_papaya,vegetable,unripe,astringent; bitter,laghu; tikshna; ruksha,heating,pungent,V+1 P+1 K-2,"Bhedana and a uterine stimulant — unripe papaya carries the action far more strongly than the ripe fruit, which is the whole basis of the pregnancy bar.",varsha; sharad,bhavaprakasha,Shaka,43.0,usda,,,,,,,
French Beans,french_beans,vegetable,cooked,sweet; astringent,laghu; ruksha,cooling,pungent,V+1 P-1 K-1,,hemanta; shishira,modern_extrapolated,"No nighantu entry — a New World bean. Reasoned from the Shimbi Shaka as laghu, ruksha and Vata-vardhaka. Extrapolated, not cited.",31.0,usda,,,,,,,
Garjara (Carrot),carrot,vegetable,cooked,sweet; bitter,laghu; ruksha,heating,pungent,V-1 P+1 K-1,"Deepana and Grahi — Garjara is warming and binding, which is why it is a winter root and not the cooling one its madhura rasa suggests.",hemanta; shishira,bhavaprakasha,Shaka,41.0,usda,,,,,,,
Gavar (Cluster Beans),cluster_beans_gavar,vegetable,cooked,astringent; sweet; bitter,guru; ruksha,cooling,pungent,V+2 P-1 K-1,,varsha; sharad,bhavaprakasha,Shaka,16.0,ifct2017,,,,,,,
Kadali Kanda (Raw Banana),raw_banana,vegetable,unripe,astringent; sweet,guru; ruksha,cooling,pungent,V+2 P-1 K-1,,grishma; varsha,bhavaprakasha,"Shaka — Kadali, unripe",89.0,usda,,,,,,,
Kamala Kanda (Lotus Stem),lotus_stem,vegetable,cooked,sweet; astringent,guru; ruksha,cooling,sweet,V+1 P-1 K+0,,hemanta; shishira,bhavaprakasha,Shaka — Kamala,74.0,usda,,,,,,,
Kanda (Yam),yam,vegetable,cooked,sweet; astringent,guru; ruksha,heating,sweet,V-1 P+1 K-1,"Arshoghna — Surana is the classical haemorrhoid remedy, the action it is named for and one no part of its rasa predicts.",hemanta; shishira,bhavaprakasha,Shaka — Surana,118.0,usda,,,,,,,
Karavellaka (Bitter Gourd),bitter_gourd_karela,vegetable,cooked,bitter,laghu; ruksha,heating,pungent,V+1 P-1 K-2,"The Prameha vegetable — Karavellaka's sugar-reducing action is the one the texts single it out for, and it is ushna against a tikta rasa that would cool.",grishma; varsha; sharad,bhavaprakasha,Shaka,17.0,usda,,,,,,,
Katuvira (Capsicum),capsicum_bell_pepper,vegetable,cooked,pungent; sweet,laghu; ruksha,heating,pungent,V-1 P+1 K-1,,hemanta; shishira,modern_extrapolated,"No nighantu entry — Capsicum is a New World genus. Reasoned as a mild katu, laghu, ushna Shaka, far below Maricha in tikshna. Extrapolated, not cited.",31.0,usda,,,,,,,
Koshataki (Ridge Gourd),ridge_gourd,vegetable,cooked,sweet; bitter,laghu; ruksha,cooling,pungent,V+1 P-1 K-1,,grishma; varsha,bhavaprakasha,Shaka,20.0,usda,,,,,,,
Kushmanda (Pumpkin),pumpkin,vegetable,cooked,sweet,guru; snigdha,cooling,sweet,V-1 P-2 K+1,"Medhya and Hridya — Kushmanda is the Rasayana gourd, given in mental and cardiac depletion, which is not an action any of its qualities predict.",sharad; hemanta,bhavaprakasha,Shaka,26.0,usda,,,,,,,
Lasuna (Garlic),garlic,vegetable,cooked,pungent,guru; snigdha; tikshna,heating,pungent,V-2 P+2 K-2,Rasayana for Vata and the classical Amavata medicine — Lasuna carries five of the six rasas and is prescribed where its katu rasa alone would bar it.,hemanta; shishira; varsha,bhavaprakasha,Shaka,149.0,usda,,,,,,,
Makka (Sweet Corn),corn_sweet,vegetable,cooked,sweet; astringent,guru; ruksha,heating,pungent,V+1 P+1 K-1,,varsha; sharad,bhavaprakasha,Kudhanya,96.0,usda,,,,,,,
Methika Patra (Fenugreek Leaves),methi_fenugreek_leaves,vegetable,cooked,bitter; astringent,laghu; ruksha,heating,pungent,V-1 P+1 K-2,"Deepana and Vata-hara despite a tikta-kashaya rasa that raises Vata by rule — the leaf is warming where the rasa is not, which is why Methi greens are a winter Shaka.",hemanta; shishira,bhavaprakasha,Shaka,49.0,usda,,,,,,,
Mushroom,mushroom,vegetable,cooked,sweet; astringent,guru; picchila,cooling,pungent,V+1 P-1 K+1,,varsha; sharad,bhavaprakasha,"Shaka — Chatraka. The texts class Chatraka among the foods to be avoided, being guru, picchila and Ama-forming; the row carries that caution rather than the modern reading.",22.0,usda,,,,,,,
Palakya (Palak),palak,vegetable,cooked,sweet; astringent; bitter,guru; ruksha,cooling,pungent,V+2 P-1 K-1,,hemanta; shishira; vasanta,bhavaprakasha,Shaka,23.0,usda,,,,,,,
Palakya (Spinach),spinach,vegetable,cooked,sweet; astringent; bitter,guru; ruksha,cooling,pungent,V+2 P-1 K-1,,hemanta; shishira; vasanta,bhavaprakasha,Shaka,23.0,usda,,,,,,,
Palandu (Onion),onion,vegetable,cooked,pungent; sweet,guru; snigdha; tikshna,heating,pungent,V-1 P+2 K-1,,hemanta; shishira; vasanta,bhavaprakasha,Shaka,40.0,usda,,,,,,,
Palanki (Beetroot),beetroot,vegetable,cooked,sweet,guru; snigdha,heating,sweet,V-1 P+1 K+1,,hemanta; shishira,bhavaprakasha,Shaka,44.0,usda,,,,,,,
Panasa (Jackfruit),jackfruit,vegetable,cooked,sweet; astringent,guru; picchila,cooling,sweet,V-1 P-1 K+2,,grishma; varsha,bhavaprakasha,Shaka,95.0,usda,,,,,,,
Raktaphala (Tomato),tomato,vegetable,raw,sour; sweet,laghu; snigdha,heating,sour,V-1 P+2 K-1,,hemanta; shishira,modern_extrapolated,"No nighantu entry — the tomato is a New World fruit. Reasoned as amla-madhura with amla vipaka and ushna virya; the Amlapitta and Amavata cautions follow from the amla rasa the derived row already named while giving it katu vipaka. Extrapolated, not cited.",18.0,usda,,,,,,,
Shakarkand (Sweet Potato),sweet_potato,vegetable,cooked,sweet,guru; snigdha,cooling,sweet,V-1 P-1 K+2,,hemanta; shishira,bhavaprakasha,Shaka,86.0,usda,,,,,,,
Shigru (Drumstick / Moringa),drumstick_moringa,vegetable,cooked,pungent; bitter,laghu; ruksha; tikshna,heating,pungent,V-1 P+1 K-2,"Shothahara and Krimighna — Shigru is the anti-inflammatory Shaka, given in Amavata and in Shotha where a katu-tikta vegetable would otherwise be avoided for Vata.",vasanta; grishma,bhavaprakasha,Shaka,37.0,usda,,,,,,,
Tindora (Ivy Gourd),ivy_gourd_tindora,vegetable,cooked,bitter; astringent,laghu; ruksha,cooling,pungent,V+1 P-1 K-1,,grishma; varsha,bhavaprakasha,Shaka — Bimbi,18.0,usda,,,,,,,
Trapusha (Cucumber),cucumber,vegetable,raw,sweet,guru; snigdha; drava,cooling,sweet,V+1 P-2 K+1,,grishma; sharad,bhavaprakasha,Shaka,15.0,usda,,,,,,,
Zucchini,zucchini,vegetable,cooked,sweet,laghu; drava,cooling,sweet,V+0 P-1 K+0,,grishma; sharad,modern_extrapolated,"No nighantu entry. Reasoned from Koshataki and Alabu as a laghu, drava summer gourd. Extrapolated, not cited.",17.0,usda,,,,,,,
